cleand_text,amazon_transcribe,azure,azure_whisper,mms,seamless,V1_latest_short,V2_short,V2_chirp,V2_chirp_2,whisper_base,whisper_medium,whisper_turbo,리턴제로(vito),한국전자통신연구원(etri)
감기에 걸렸는지 목이 아파요.,감기에 걸렸는지 목이 아파요.,감기에 걸렸는지 목이 아파요.,감기에 걸렸는지 목이 아파요.,감기의 걸련는지 목이 앞아여,감기에 걸렸는지 목이 아파요,감기에 걸렸는지 목이 아파요.,감기에 걸렸는지 목이 아파요., 감기에 걸렸는지 목이 아파요.,감기에 걸렸는지 목이 아파요., 감기에 걸렸는지 목이 아파요, 감기에 걸렸는지 목이 아파요., 감기에 걸렸는지 목이 아파요.,감기에 걸렸는지 목이 아파요?,감기에 걸렸는지 목이 아파요.
난 오늘 야구 보러 갈 거야.,난 오늘 야구 보러 갈 거야,난 오늘 야구 보러 갈 거야?,난 오늘 야구 보러 갈꺼야,나 오늘 야구보어러가 알였거야,난 오늘 야구 보러 갈 거야.,난 오늘 야구 보러 갈 거야.,난 오늘 야구 보러 갈 거야., 난 오늘 야고 보러 갈 거야.,난 오늘 야구 보러 갈 거야., 난 오늘 야구 보러 갈거야, 난 오늘 야구 보러 갈 거야, 난 오늘 야구 보러 갈 거야.,난 오늘 야구 보러 갈 거야.,난 오늘 야구 보러 갈 거야.
배보다 배꼽이 더 크다.,배보다 배꼽이 더 크다.,배보다 배꼽이 더 크다.,배보다 배꼽이 더 크다.,배보다 1꽃이더크다,배보다 배이 더 크다.,배보다 배꼽이 더 크다.,배보다 배꼽이 더 크다., 배보다 배꼽이 더 크다.,배보다 배꼽이 더 크다., 배보다 몇 꼬비 더 크다, 배보다 배꼽이 더 크다, 배보다 배꼽이 더 크다.,배보다 배꼽이 더 크다.,배보다 배꼽이 더 크다.
날씨가 너무 더운데 시원한 커피 마시러 갈래?,날씨가 너무 더운데 시원한 커피 마시러 갈래?,날씨가 너무 더운데 시원한 커피 마시러 갈래?,날씨가 너무 더운데 시원한 커피 마시러 갈래?,나시가 넘무 더운데 시원한 커이 마시로 갈례,날씨가 너무 뜨거운데 시원한 커피 맛으로 갈래?,날씨가 너무 더운데 시원한 커피 마시러 갈래?,날씨가 너무 더운데 시원한 커피 마시러 갈래?, 날씨가 너무 더운데 시원한 커피 맛으로 갈래?,날씨가 너무 더운데 시원한 커피 마시러 갈래?, 날씨가 너무 더운데 시원한 커피 마시러 갈래?, 날씨가 너무 더운데 시원한 커피 마시러 갈래?, 날씨가 너무 더운데 시원한 커피 마시러 갈래?,날씨가 너무 더운데 시원한 커피 마시러 갈래.,날씨가 너무 더운데 시원한 커피 마시러 갈래?
도넛 좀 사다 줄래요?,도너츠 좀 사다 줄래요?,도너츠 좀 사다 줄래요?,도넛츠 좀 사다 줄래요?,도너츠좀 사아 줄레여,도 좀 사다줄래요?,도너츠 좀 사다 줄래요?,도너츠 좀 사다 줄래요?, 도너츠 좀 사다 줄래요.,도넛 좀 사다 줄래요?, 도넛을 좀 사다줄래요, 도너츠 좀 사다 줄래요?, 도넛 좀 사다 줄래요?,도너츠 좀 사다 줄래요?,도너츠 좀 사다 줄래여
주말엔 밥만 먹고 드러누워있는 게 남편들이야.,주말엔 밥만 먹고 들어 누워 있는 게 남편 들이야.,주말엔 밥만 먹고 드러누워 있는 게 남편들이야.,주말엔 밥만 먹고 들어누워 있는 게 남편들이야.,주말은 반만 먹고 들어누어 있는게 남편들이야,주말엔 만 먹고 들어 누워 있는 게 남편들이야.,주말엔 밥만 먹고 드러누워 있는게 남편들이.,주말엔 밥만 먹고 드러누워 있는게 남편들이., 주말엔 밥만 먹고 들어누어 있는 게 남편들이야.,주말엔 밥만 먹고 드러누워 있는게 남편들이야., 주말엔 밥만 먹고 드러누워 있는 게 남편들이야., 주말엔 밥만 먹고 들어주고 있는 게 남편들이야., 주말엔 밥만 먹고 드러누워 있는 게 남편들이야,주말엔 밥만 먹고 들어누워 있는 게 남편들이야.,주말엔 밥만 먹고 드러누워 있는게 남편들이야
어제 젤리 대용량으로 충동구매했어.,어제 젤리 대용량으로 충동 구매 했어,어제 젤리 대용량으로 충동구매했어.,어제 젤리 대용량으로 충동구매했어.,어제 체리 대용양으로 충동구매했서,어제 리 대용량으로 충동 구매했어!,어제 젤리 대용량으로 충동구매!,어제 젤리 대용량으로 충동구매!, 어제 젤리 대용량으로 충동 구매했어.,어제 젤리 대용량으로 충동 구매했어., 어제 첸리 대용량으로 충동금에 있어., 어제 젤리 대용량으로 충동구매했어, 어제 젤리 대용량으로 충동 구매했어.,어제 챌리이 대용량으로 충동 구매했어.,어제 첼리 대용량으로 충동 구매했어.
3년 전만 해도 젊었었네.,삼 년 전만 해도 젊어 썼네,3년 전만 해도 젊었었네.,3년 전만 해도 젊었었네,3년점만에도 절못썼내,3년 전만 해도 젊었네?,3년 전만 해도 젊었을.,3년 전만 해도 젊었을., 3년 전만 해도 젊었었네.,3년 전만 해도 젊었었네., 3년 전만 해도 젊었었네, 3년 전만 해도 젊었었네?, 삼 년 전만 해도 젊었었네,삼 년 전만 해도 젊었었네.,삼년 전만 해도 젊었었네.
지금 약간 화나려고 해.,지금 약간 화 나려고 해,지금 약간 화나려고 해.,지금 약간 화나려고 해,지금 약간 환나려고해,지금 약간 화나려고 해.,지금 약간 화나려고 해.,지금 약간 화나려고 해., 지금 약간 화나려고 해.,지금 약간 화나려고 해., 지금 약간 화나려고 해, 지금 약간 화나려고 해, 지금 약간 화나려고 해.,지금 약간 화나려고 해.,지금 약간 화나려고 해.
우리 친구들 다 같이 사진 찍는 거 어때?,우리 친구들 다 같이 사진 찍는 거 어때?,우리 친구들 다 같이 사진 찍는 거 어때?,우리 친구들 다 같이 사진 찍는 거 어때?,우리 친고들 다같이 사신찍는과 었때,우리 친구들 다 같이 사진 찍는 거 어때?,우리 친구들 다 같이 사진 찍는 거 어때?,우리 친구들 다 같이 사진 찍는 거 어때?, 우리 친구들 다 같이 사진 찍는 거 어때?,우리 친구들 다 같이 사진 찍는 거 어때?, 우리 친구들 다 같이 사진 찍는 거 어때?, 우리 친구들 다 같이 사진 찍는 거 어때?, 우리 친구들 다 같이 사진 찍는 거 어때?,우리 친구들 다 같이 사진 찍는 거 어때?,우리 친구들 다 같이 사진 찍는 거 어때?
맞아요. 뒷자리에 앉아계셨던 그분이네요.,맞아요 뒷자리에 앉아 계셨던 그 분이네요.,맞아요? 뒷자리에 앉아 계셨던 그분이네요.,맞아요. 뒷자리에 앉아 계셨던 그분이네요.,마자여 뒤자리의 안자에셨던 그분인내어,"맞아요, 뒤자리에 앉아 계셨던 그분이네요.",맞아요 뒷자리에 앉아 계셨던 그 분이네요.,맞아요 뒷자리에 앉아 계셨던 그 분이네요., 맞아요. 뒷자리에 앉아 계셨던 그분이네요.,맞아요. 뒷자리에 앉아 계셨던 그 분이네요., 맞아요. 귀자리에 앉아 계셨던 구분이네요., 맞아요. 뒷자리에 앉아 계셨던 그분이네요., 맞아요 뒷자리에 앉아 계셨던 그분이네요,"맞아요, 뒷자리에 앉아 계셨던 그분이네요.",맞아요 뒷자리에 앉아 계셨던 그분이네요.
클래식 음악을 들으면 심신의 안정이 돼서 자주 들어.,클래식 음악을 들으면 심신의 안정이 돼서 자주 들어,클래식 음악을 들으면 심신의 안정이 돼서 자주 들어.,클래식 음악을 들으면 심신의 안정이 돼서 자주 들어.,클레씩 음막을 들르면 심신의 안정이 되서 자주들어,클래식 음악을 들으면 심신의 안정이 돼서 자주 들어.,클래식 음악을 들으면 심신의 안정이 돼서 자주 들어.,클래식 음악을 들으면 심심해 안정이 돼서 자주 들어., 클래식 음악을 들으면 심신의 안정이 돼서 자주 들어.,클래식 음악을 들으면 심신의 안정이 돼서 자주 들어., 클래식 음악을 들으면 심신의 안정이 돼서 자주 들어, 클래식 음악을 들으면 심신의 안정이 돼서 자주 들어, 클래식 음악을 들으면 심신의 안정이 돼서 자주 들어.,클래식 음악을 들으면 심신의 안정이 돼서 자주 들어.,클래식 음악을 들으면 심신의 안정이 돼서 자주 들어.
그 시절에도 휴대폰이 있었다니 완전 얼리어댑터네.,그 시절에도 휴대폰이 있었다니 완전 얼리 어디 편해?,그 시절에도 휴대폰이 있었다니 완전 얼리어댑터네.,그 시절에도 휴대폰이 있었다니 완전 얼리 어댑터네,그 시절에도 휴대푸이 있었다니 완전 얼려오대터내,그 시절에도 휴대폰이 있었다니 완전 얼어붙더네.,그 시절에도 휴대폰이 있었다니 완전!,그 시절에도 휴대폰이 있었다니 완전 얼리어대 편해., 그 시절에도 휴대폰이 있었다니 완전 얼리 어댑터네.,그 시절에도 휴대폰이 있었다니 완전 얼리 어댑터네., 부시절에도 휴대폰이 있었다니 완전 얼려 대편해, 그 시절에도 휴대폰이 있었다니 완전 얼리 어댑터네., 그 시절에도 휴대폰이 있었다니 완전 얼리 어댑터네,그 시절에도 휴대폰이 있었다니 완전 얼리어대터네.,그 시절에도 휴대폰이 있었다니 완전 얼리어댑터네
아까 내가 가르쳐준 건 다 해봤니?,아까 내가 가르쳐 준 건 다 해봤니,아까 내가 가르쳐준 건 다 해봤니?,아까 내가 가르쳐 준 건 다 해봤니?,악까 내가 가르차 준건 다 해반니,아까 내가 가르쳐 준 건 다 해봤니?,아까 내가 가르쳐 준 건 다 해 봤니?,아까 내가 가르쳐 준 건 다 해 봤니?, 아까 내가 가르쳐 준 건 다 해봤니?,아까 내가 가르쳐 준 건 다 해 봤니?, 아까 내가 가르쳐 준 건 다 해봤니?, 아까 내가 가르쳐 준 건 다 해봤니?, 아까 내가 가르쳐준 건 다 해봤니,아까 내가 가르쳐준 건 다 해봤니.,아까 내가 가르쳐 준 건 다 해봤니
가산 역에 빵집에서 빵 사보고 싶은데.,가산 역에 빵집에서 빵 사보고 싶은데,가산역에 빵집에서 빵 사보고 싶은데?,가산역에 빵집에서 빵 사보고 싶은데.,가산역에 빵찍에서 빵 사보고 싶분데,가산역에 집에서  사보고 싶은데,가산역 빵집에서 빵 사 보고 싶은데.,가산역 빵집에서 빵 사 보고 싶은데., 가산역에 빵집에서 빵 사 보고 싶은데.,가산역에 빵집에서 빵 사 보고 싶은데., 가산역의 빵집에서 빵 사보고 싶은데, 가산역의 빵집에서 빵 사보고 싶은데, 가산역의 빵집에서 빵 사보고 싶은데…,가산역에 빵집에서 빵 사보고 싶은데.,가산역에 빵집에서 빵 사보고 싶은데
영어 단어 암기 어렵지 않아?,영어 단어 암기 어렵지 않아,영어 단어 암기 어렵지 않아?,영어 단어 안기 어렵지 않아?,영호 다노 안기 어렵지 않나,영어 단어 안기 어렵지 않아?,영어 단어 암기 어렵지 않아.,영어 단어 암기 어렵지 않아., 영어 단어 안기 어렵지 않아?,영어 단어 암기 어렵지 않아?, 영어 단어 안기 어렵지 않아, 영어 단어 암기 어렵지 않아?, 영어 단어 암기 어렵지 않아?,영어 단어 안기 어렵지 않아.,영어 단어 암기 어렵지 않아?
시일이 소요된다는 거 당연히 잘 알고 있죠.,시일이 소요 된다는 거 당연히 잘 알고 있죠.,시일이 소요된다는 거 당연히 잘 알고 있죠.,시일이 소요된다는 거 당연히 잘 알고 있죠.,시일이 소요된다는거 당연이 잘 알고 있며,시일이 소요된다는 거 당연히 잘 알고 있죠,시리 소요된다는 거 당연히 잘 알고 있죠.,시리 소요된다는 거 당연히 잘 알고 있죠., 시일이 소효된다는 거 당연히 잘 알고 있죠.,시일이 소요된다는 거 당연히 잘 알고 있죠., 시일이 소요된다는 거 당연히 잘 알고 있죠., 시일이 소요된다는 거 당연히 잘 알고 있죠?, 시일이 소요된다는 거 당연히 잘 알고 있죠,시일이 소요된다는 거 당연히 잘 알고 있죠.,시일이 소요된다는 거 당연히 잘 알고 있죠
사실은 강아지보다 우리 남편이 운동이 더 필요해.,사실은 강아지보다 우리 남편이 운동이 더 필요해,사실은 강아지보다 우리 남편이 운동이 더 필요해.,사실은 강아지보다 우리 남편이 운동이 더 필요해.,사십 강하지보다 우리 남편이 운동이 더 필요해,사실은 강아지보다 우리 남편이 운동이 더 필요해,사실은 강아지보다 우리 남편이 운동이 더 필요해.,사실은 강아지보다 우리 남편이 운동이 더 필요해., 사실은 강아지보다 우리 남편이 운동이 더 필요해.,사실은 강아지보다 우리 남편이 운동이 더 필요해., 사실은 강아지 보다 우리 남편이 운동이 더 필요해., 사실은 강아지보다 우리 남편이 운동이 더 필요해., 사실은 강아지보다 우리 남편이 운동이 더 필요해,사실은 강아지보다 우리 남편이 운동이 더 필요해.,사실은 강아지보다 우리 남편이 운동이 더 필요해
나중에 다시 알려준다고 했어.,나중에 다시 알려준다고 했어,나중에 다시 알려준다고 했어?,나중에 다시 알려준다고 했어.,나중의 다시 알려준다고 했어,나중에 다시 알려준다고 했어.,나중에 다시 알려 준다고 했어.,나중에 다시 알려 준다고 했어., 나중에 다시 알려 준다고 했어.,나중에 다시 알려 준다고 했어., 나중에 다시 알려준다고 했어., 나중에 다시 알려준다고 했어, 나중에 다시 알려준다고 했어.,나중에 다시 알려준다고 했어.,나중에 다시 알려준다구 했어
올해는 좋은 성적을 받으면 좋겠다.,올해는 좋은 성적을 받으면 좋겠다.,올해는 좋은 성적을 받으면 좋겠다.,올해는 좋은 성적을 받으면 좋겠다.,오래는 좋은 성적을 받으면 족겠다,올해는 좋은 성적을 받으면 좋겠다.,올해는 좋은 성적을 받으면 좋겠다.,올해는 좋은 성적을 받으면 좋겠다., 올해는 좋은 성적을 받으면 좋겠다.,올해는 좋은 성적을 받으면 좋겠다., 올해는 좋은 성적을 받으면 좋겠다, 올해는 좋은 성적을 받으면 좋겠다., 올해는 좋은 성적을 받으면 좋겠다.,올해는 좋은 성적을 받으면 좋겠다.,올해는 좋은 성적을 받으면 좋겠다.
자기 전에 양치는 꼭 하고 자야 한다. 알았지?,"자기 전에 양 치는 꼭 하고 자야 한다, 알았지?","자기 전에 양치는 꼭 하고 자야 한다, 알았지?",자기 전에 양치는 꼭 하고 자야 한다. 알았지?,자기 전에 양신는 꼭 하고 자야한다 아았이,자기 전에 양치는 꼭 하고 자야 한다. 알았지?,자기 전에 양치는 꼭 하고 자야 한다 알았지.,자기 전에 양치는 꼭 하고 자야 한다., 자기 전에 양치는 꼭 하고 자야 한다. 알았지?,자기 전에 양치는 꼭 하고 자야 한다. 알았지?, 자기 전에 양치는 꼭 하고 자야 한다 알았지?, 자기 전에 양치는 꼭 하고 자야 한다. 알았지?, 자기 전에 양치는 꼭 하고 자야 한다. 알았지?,자기 전에 양치는 꼭 하고 자야 한다. 알았지.,자기 전에 양치는 꼭 하고 자야 한다. 알았지?
키가 크고 잘빠져서 뭘 입어도 잘 어울려.,키가 크고 잘 빠져서 멀 입어도 잘 어울려.,키가 크고 잘 빠져서 몰리버드 잘 어울려?,키가 크고 잘 빠져서 뭘 입어도 잘 어울려,키각 크고 잘빠져서 원리버두 차라울려,키가 크고 잘 빠져서 몰리버도 잘 어울려,키가 크고 잘 빠져서 뭘 입어도 잘 어울려.,키가 크고 잘 빠져서 뭘 입어도 잘 어울려., 키가 크고 잘 빠져서 멀리버도 잘 어울려.,키가 크고 잘 빠져서 멀리 봐도 잘 어울려., 기각 크고 잘 빠져서 월리버도 잘 어울려, 키가 크고 잘 빠져서 뭘 입어도 잘 어울려, 키가 크고 잘 빠져서 뭘 입어도 잘 어울려.,키가 크고 잘 빠져서 뭘 입어도 잘 어울려.,키가 크고 잘 빠져서 뭘 입어도 잘 어울려.
야 너는 지금 그게 사과하는 사람 태도냐?,야 너는 지금 그게 사과하는 사람 태도야?,"야, 너는 지금 그게 사과하는 사람 태도냐?","야, 너는 지금 그게 사과하는 사람 태도냐?",야 너는 지금 크게 사고 하는 사람 태도냐,"야, 너는 지금 그렇게 사과하는 사람 태도냐?","야, 너는 지금 그게 사과하는 사람 태도야.","야, 너는 지금 그게 사과하는 사람 태도야."," 야, 너는 지금 그게 사과하는 사람 태도냐?","야, 너는 지금 그게 사과하는 사람 태도냐?", 야 너는 지금 그게 사과하는 사람 태도냐?," 야, 너는 지금 그게 사과하는 사람 태도냐?", 야 너는 지금 그게 사과하는 사람 태도냐?,"야, 너는 지금 그게 사과는 사람 태도냐.","야, 너는 지금 그게 사과하는 사람 태도냐?"
핸드폰을 손에서 아예 놓을 수 있었답니다.,핸드폰을 손에서 아예 놓을 수 있었답니다.,핸드폰을 손에서 아예 놓을 수 있었답니다.,핸드폰을 손에서 아예 놓을 수 있었답니다.,맨드포을 손에서 아의 노을 수 있었답니다,드폰을 손에서 아예 놓을 수 있었다니다,핸드폰을 손에서 아예 놓을 수 있었답니다.,핸드폰을 손에서 아예 놓을 수 있었답니다., 핸드폰을 손에서 아예 놓을 수 있었답니다.,핸드폰을 손에서 아예 놓을 수 있었답니다., 핸드폰을 손에서 아예 놓을 수 있었답니다., 핸드폰을 손에서 아예 놓을 수 있었답니다., 핸드폰을 손에서 아예 놓을 수 있었답니다,핸드폰을 손에서 아예 놓을 수 있었답니다.,핸드폰을 손에서 아예 놓을 수 있었답니다
아직 점심시간이 되려면 멀었는데요.,아직 점심 시간이 되려면 멀었는데,아직 점심시간이 되려면 멀었는데요.,아직 점심시간이 되려면 멀었는데요.,아직 점심시간이 되려면 머었는데여,아직 점심시간이 되려면 멀었는데요,아직 점심시간이 되려면 멀었는데.,아직 점심시간이 되려면 멀었는데., 아직 점심 시간이 되려면 멀었는데요.,아직 점심 시간이 되려면 멀었는데요., 아직 점심 시간이 되려면 멀었는데요., 아직 점심시간이 되려면 멀었는데요, 아직 점심 시간이 되려면 멀었는데요,아직 점심시간이 되려면 멀었는데요.,아직 점심 시간이 되려면 멀었는데요
지하철에서 그곳까지 몇 분이나 걸려요?,지하철에서 그 곳까지 몇 분이나 걸려요.,지하철에서 그곳까지 몇 분이나 걸려요?,지하철에서 그곳까지 몇 분이나 걸려요?,지아철에서 그곳까지 몇분이나올려요,지하철에서 거기까지 몇 분이나 걸려요?,지하철에서 그곳까지 몇 분이나 걸려요.,지하철에서 그곳까지 몇 분이나 걸려요., 지하철에서 그곳까지 몇 분이나 걸려요.,지하철에서 그곳까지 몇 분이나 걸려요?, 지하철에서 그 곳까지 몇 분이나 걸려요, 지하철에서 그곳까지 몇 분이나 걸려요?, 지하철에서 그곳까지 몇 분이나 걸려요,지하철에서 그곳까지 몇 분이나 걸려요.,지하철에서 그곳까지 몇 분이나 걸려요?
만드는 방법이 나왔으면 좋겠다.,만드는 방법이 나왔으면 좋겠다.,만드는 방법이 나왔으면 좋겠다.,만드는 방법이 나왔으면 좋겠다.,만태는 당법이 나았으면 족겠다,만들는 방법이 나왔으면 좋겠다.,만드는 방법이 나왔으면 좋겠다.,만드는 방법이 나왔으면 좋겠다., 만드는 방법이 나왔으면 좋겠다.,만드는 방법이 나왔으면 좋겠다., 만드는 방법이 나왔으면 좋겠다, 만드는 방법이 나왔으면 좋겠다, 만드는 방법이 나았으면 좋겠다.,만드는 방법이 나왔으면 좋겠다.,만드는 방법이 나왔으면 좋겠다.
이번 주말에 뭐 해? 영화 보러 갈래?,이번 주말에 뭐 해? 영화 보러 갈래?,이번 주말에 뭐해? 영화 보러 갈래?,이번 주말에 뭐해? 영화 보러 갈래?,이번 주마를 보해 영화보로 갈래,이번 주말에 뭐해? 영화 보러 갈래?,이번 주말에 뭐 해 영화 보러 갈래?,이번 주말에 뭐 해 영화 보러 갈래?, 이번 주말에 뭐 해? 영화 보러 갈래?,이번 주말에 뭐 해? 영화 보러 갈래?, 이번 주말에 뭐해? 영화보러 갈래?, 이번 주말에 뭐해? 영화 보러 갈래?, 이번 주말에 뭐해 영화 보러 갈래,이번 주말에 뭐해 영화 보러 갈래?,이번 주말에 뭐해? 영화 보러 갈래?
완전히 어둠 속에서는 무서워서 꼼짝도 못 할 거 같아.,완전히 어둠 속에서는 무서워서 꼼짝도 못할 것 같아.,완전히 어둠 속에서는 무서워서 꼼짝도 못할 것 같아.,완전히 어둠 속에서는 무서워서 꼼짝도 못할 것 같아.,완전이 어둠속에서는 무서워서 꿈착도 못할고 같다,완전히 어 속에서는 무서워서 꿈도 못할 것 같아.,완전히 어둠 속에서는 무서워서 꼼짝도 못 할 것 같아.,완전히 어둠 속에서는 무서워서 꼼짝도 못 할 것 같아., 완전히 어둠 속에서는 무서워서 꼼짝도 못 할 것 같아.,완전히 어둠 속에서는 무서워서 꿈짝도 못 할 것 같아., 완전히 어둠 속에서는 무서워서 꼼짝도 못할 것 같아., 완전히 어둠 속에서는 무서워서 꼼짝도 못할 것 같아, 완전히 어둠 속에서는 무서워서 꼼짝도 못 할 것 같아.,완전히 어둠 속에서는 무서워서 꼼짝도 못할 것 같아.,완전히 어둠 속에서는 무서워서 꼼짝도 못할 것 같아.
비가 오지 않으면 내일 도서관에 다녀올게요.,비가 오지 않으면 내일 도서관에 다녀올게요,비가 오지 않으면 내일 도서관에 다녀올게요.,비가 오지 않으면 내일 도서관에 다녀올게요.,미가 오지 않으면 내일 도석관에 다녀울개요,비가 오지 않으면 내일 도서관에 다녀올게요.,비가 오지 않으면 내일 도서관에 다녀올게요.,비가 오지 않으면 내일 도서관에 다녀올게요., 비가 오지 않으면 내일 도서관에 다녀 올게요.,비가 오지 않으면 내일 도서관에 다녀올게요., 비가 오지 않으면 내일 도서관에 다녀올게요., 비가 오지 않으면 내일 도서관에 다녀올게요., 비가 오지 않으면 내일 도서관에 다녀올게요.,비가 오지 않으면 내일 도서관에 다녀올게요.,비가 오지 않으면 내일 도서관에 다녀올께요.
금방 해서 다 따라잡을 거예요.,금방 해서 다 따라잡을 거예요,금방 해서 다 따라잡을 거예요.,금방 해서 다 따라잡을 거예요.,근방 해서 다 따라잡을 고해여,금방 해서 다 따라잡을 거예요,금방 해서 다 따라 잡을 거예요.,금방 해서 다 따라 잡을 거예요., 금방 해서 다 따라잡을 거예요.,금방 해서 다 따라 잡을 거예요., 금방 해서 다 따라잡을 거예요, 금방 해서 다 따라잡을 거예요., 금방 해서 다 따라잡을 거예요,금방 해서 다 따라잡을 거예요.,금방 해서 다 따라잡을 거에요
귀가 멍해지고 머릿속이 하얘져.,귀가 멍 해지고 머릿속이 하얗지.,귀가 멍해지고 머릿속이 하얘져?,귀가 멍해지고 머릿속이 하얘져.,귀가 멍해지고 머리 속이 하해져,귀가 해지고 머리 속이 하해져,귀가 멍해지고 머릿속이 하얘져.,귀가 멍해지고 머릿속이 하얘져., 귀가 멍해지고 머릿속이 하해져.,귀가 멍해지고 머릿속이 하해져., 귀가 멍해지고 머릿속이 하얘져, 귀가 멍해지고 머릿속이 하얘져, 귀가 멍해지고 머릿속이 하얘져,귀가 멍해지고 머릿속이 하얘져.,귀가 멍해지고 머릿속이 하얘져
갑자기 나오라고 해서 당황했잖아.,갑자기 나오라고 해서 당황 했잖아,갑자기 나오라고 해서 당황했잖아.,갑자기 나오라고 해서 당황했잖아.,갑자이 나오라고에서 당황했자나,갑자기 나오라고 해서 당황했잖아!,갑자기 나오라고 해서 당황했어.,갑자기 나오라고 해서 당황했어., 갑자기 나오라고 해서 당황했잖아.,갑자기 나오라고 해서 당황했잖아., 갑자기 나오라고 해서 당황했잖아, 갑자기 나오라고 해서 당황했잖아, 갑자기 나오라고 해서 당황했잖아.,갑자기 나오라고 해서 당황했잖아.,갑자기 나오라고 해서 당황했잖아.
내가 배달 주문시킬까?,내가 배달 주문 시킬까,내가 배달 주문 시킬까?,내가 배달 주문 시킬까?,내가 배달 주은 시킬까,내가 배달 주문 시킬까?,내가 배달 주문 시킬까?,내가 배달 주문 시킬까?, 내가 배달 주문시킬까?,내가 배달 주문 시킬까?, 내가 배달 주문 시킬까?, 내가 배달 주문 시킬까?, 내가 배달 주문시킬까?,내가 배달 주문 시킬까?,내가 배달 주문시킬까?
우리 오늘 쇼핑하러 갈까?,우리 오늘 쇼핑하러 갈까?,우리 오늘 쇼핑하러 갈까?,우리 오늘 쇼핑하러 갈까?,우리 오늘 쇼핑하로 갈가,우리 오늘 쇼핑하러 갈까?,우리 오늘 쇼핑하러 갈까?,우리 오늘 쇼핑하러 갈까?, 우리 오늘 쇼핑하러 갈까?,우리 오늘 쇼핑하러 갈까?, 우리 오늘 쇼핑하러 갈까?, 우리 오늘 쇼핑하러 갈까?, 우리 오늘 쇼핑하러 갈까?,우리 오늘 쇼핑하러 갈까?,우리 오늘 쇼핑하러 갈까?
아침마다 조깅을 하니까 엄지발가락에 군살이 겁나게 생겼어.,아침마다 조깅을 하니까 엄지 발가락에 군 살이 겁나게 생겼어,아침마다 조깅을 하니까 엄지발가락에 군살이 겁나게 생겼어.,아침마다 조깅을 하니까 엄지발가락에 군살이 겁나게 생겼어.,아지마다 조긴을 하니까 엄지발가락게 군사리 검락게 생겼소,아침마다 조을 하니까 엄지발가락에 군살이 겁나게 생겼어.,아침마다 조깅을 하니까 엄지발가락에 군살이 겁나게 생겼어.,아침마다 조깅을 하니까 엄지발가락에 군살이 겁나게 생겼어., 아침마다 조딩을 하니까 엄지 발가락에 군살이 겁나게 생겼어.,아침마다 조깅을 하니까 엄지발가락에 군살이 겁나게 생겼어., 아침마다 조깅을 하니까 엄지발가락에 군살이 겁나게 생겼어., 아침마다 조깅을 하니까 엄지발가락에 군살이 겁나게 생겼어, 아침마다 조깅을 하니까 엄지발가락에 군살이 겁나게 생겼어.,아침마다 조깅을 하니까 엄지발가락에 군살이 겁나게 생겼어.,아침마다 조깅을 하니까 엄지발가락에 군살이 겁나게 생겼어
좋아하는 일을 하고 싶다가도 돈을 생각하면 약간 멈칫하게 되더라.,좋아하는 일을 하고 싶다가도 돈을 생각하면 약간 멈칫 하게 되더라.,좋아하는 일을 하고 싶다가도 돈을 생각하면 약간 멈칫하게 되더라.,좋아하는 일을 하고 싶다가도 돈을 생각하면 약간 멈칫하게 되더라.,조안는 일을 하고 십다가도 돈을 생각하면 약간 멈치탁에 되돌라,좋아하는 일을 하고 싶다가도 돈을 생각하면 약간 멈게 되더라.,좋아하는 일을 하고 싶다가도 돈을 생각하면 약간 멈칫하게 되.,좋아하는 일을 하고 싶다가도 돈을 생각하면 약간 멈칫하게 되더라., 좋아하는 일을 하고 싶다가도 돈을 생각하면 약간 멈칫하게 되더라.,좋아하는 일을 하고 싶다가도 돈을 생각하면 약간 멈칫하게 되더라., 좋아하는 일을 하고 싶다가도 돈을 생각하면 멈췄하게 되더라., 좋아하는 일을 하고 싶다가도 돈을 생각하면 약간 멈칫하게 되더라, 좋아하는 일을 하고 싶다가도 돈을 생각하면 약간 멈칫하게 되더라.,좋아하는 일을 하고 싶다가도 돈을 생각하면 약간 멈칫하게 되더라.,좋아하는 일을 하고 싶다가도 돈을 생각하면 약간 멈칫하게 되더라고요.
여기서 잠시 기다리세요 곧 돌아올게요.,여기서 잠시 기다리세요. 곧 돌아올게요,여기서 잠시 기다리세요. 곧 돌아올게요.,여기서 잠시 기다리세요. 곧 돌아올게요.,여기서 잠시 기따리 되어 곧 돌아 올개요,여기서 잠시 기다리세요 곧 돌아올게요,여기서 잠시 기다리세요 곧 돌아올게요.,여기서 잠시 기다리세요 곧 돌아올게요., 여기서 잠시 기다리세요. 곧 돌아올게요.,여기서 잠시 기다리세요. 곧 돌아올게요., 여기서 잠시 기다리세요. 곧 돌아올게요, 여기서 잠시 기다리세요. 곧 돌아올게요., 여기서 잠시 기다리세요. 곧 돌아올게요.,"여기서 잠시 기다리세요, 곧 돌아올게요.",여기서 잠시 기다리세요. 곧 돌아 올게요.
나 책상 옮기는 것 좀 도와줄래?,나 책상 옮기는 것 좀 도와 줄래?,나 책상 옮기는 것 좀 도와줄래?,나 책상 옮기는 것 좀 도와줄래?,나책 상 옮계는 것은 도와 준래,나 책상 옮기는 것 좀 도와줄래?,나 책상 옮기는 것 좀 도와 줄래?,나 책상 옮기는 것 좀 도와 줄래?, 나 책상 옮기는 것 좀 도와줄래?,나 책상 옮기는 것 좀 도와 줄래?, 나 책상 옮기는 것 좀 도와줄래?, 나 책상 옮기는 것 좀 도와줄래?, 나 책상 옮기는 것 좀 도와줄래?,나 책상 옮기는 것 좀 도와줄래?,나 책상 옮기는 것 좀 도와줄래?
우와 너 농구도 잘해?? 못하는 운동이 머야?,우와 너 농구도 잘해 못 하는 운동이 뭐야?,우와 너 농구도 잘해 못하는 운동이 뭐야?,"우와, 너 농구도 잘해? 못하는 운동이 뭐야?",오아 또 농구저 잘래 보타는 온동이 모야,"와, 너 농구조 잘해? 못하는 운동이 뭐야?",우와 너 농구도 잘해 못 하는 운동이 뭐야?,우와 너 농구도 잘해.," 우와, 너 농구조 잘해? 못하는 운동이 뭐야?","우와, 너 농구도 잘해? 못 하는 운동이 뭐야?", 우와.. 너 눈구조 잘해? 못하는 운동이 뭐야?, 우와 너 농구조 잘해? 못하는 운동이 뭐야?, 우와 너 농구조 잘해? 못하는 운동이 뭐야?,우와 너 농구저 잘해 못하는 운동이 뭐야?,너 농구도 잘해? 못하는 운동이 뭐야?
오늘은 정장을 입고 오셨네요 오늘 선 보십니까?,오늘은 정장을 입고 오셨네요 오늘 선 보십니까?,"오늘은 정장을 입고 오셨네요, 오늘 선보십니까?",오늘은 정장을 입고 오셨네요. 오늘 선보십니까?,오늘은 정장의 입고 션내여 오늘 선보십니까,오늘은 정장을 입고 오셨네요. 오늘 선보이십니까?,오늘은 정장을 입고 오셨네요 오늘 선 보십니까?,오늘은 정장을 입고 오셨네요 오늘 선 보십니까?, 오늘은 정장을 입고 오셨네요. 오늘 선보십니까?,오늘은 정장을 입고 오셨네요. 오늘 선부십니까?, 오늘은 정장을 입고 오셨네요. 오늘 선보셨습니까?, 오늘은 정장을 입고 오셨네요. 오늘 선보여십니까?, 오늘은 정장을 입고 오셨네요 오늘 선보십니까,오늘은 정장을 입고 오셨네요. 오늘 선보십니까?,오늘은 정장을 입고 오셨네요. 오늘 선보십니까?
아들 오늘 저녁 메뉴는 뭐로 할까? 김치찌개로 할까? 네가 좋아하잖아.,아들 오늘 저녁 메뉴는 뭐로 할까? 김치 찌개로 할까? 네가 좋아하잖아,"아들, 오늘 저녁 메뉴는 뭐로 할까?",아들 오늘 저녁 메뉴는 뭐로 할까? 김치찌개로 할까? 니가 좋아하잖아,아들 오늘 저형 매유는 머로 할가 김짓치게로 할까 니가 좋아하아나,"아들, 오늘 저녁 메뉴는 뭐로 할까? 김지치개로 할까? 네가 좋아하잖아.",아들 오늘 저녁 메뉴는 뭐로 할까 김치찌개로 할까 네가 좋아하잖아.,아들 오늘 저녁 메뉴는 뭐로 할까?," 아들, 오늘 저녁 메뉴는 뭐로 할까? 김치치게로 할까? 네가 좋아하잖아.",아들 오늘 저녁 메뉴는 뭐로 할까? 김치찌개로 할까? 네가 좋아하잖아., 아들 오늘 저녁 메뉴는 뭐로 할까? 김치찌개로 할까? 네가 좋아하잖아, 아들 오늘 저녁 메뉴는 뭐로 할까? 김치찌개로 할까? 니가 좋아하잖아, 아들 오늘 저녁 메뉴는 뭐로 할까? 김치찌개로 할까? 네가 좋아하잖아.,아들 오늘 저녁 메뉴는 뭐로 할까 뭐 김치찌개로 할까 니가 좋아하잖아.,아들 오늘 저녁 메뉴는 뭐로 할까? 김치 찌개로 할까? 니가 좋아하잖아.
나 버스 탔는데 옆에 계시던 아주머니가 막 허리에 손을 갖다 대길래.,나 버스 탔는데 옆에 계시던 아주머니가 막 허리에 손을 갖다 대 길래.,나 버스 탔는데 옆에 계시던 아주머니가 막 허리에 손을 갖다 대길래.,나 버스 탔는데 옆에 계시던 아주머니가 막 허리에 손을 갖다 대길래,나버스터는데 여에 계치던 아주무안니가 막허리에 손을 헛다되길내에,나 버스 는데 에 계시던 아머니가 막 허리에 손을 다 길래,나 버스 탔는데 옆에 계시던 아주머니가 막 허리에 손을 갖다 대길.,나 버스 탔는데 옆에 계시던 아주머니가 막 허리에 손을 갖다 대길래., 나 버스 탔는데 옆에 계시던 아주머니가 막 허리에 손을 갖다 대길래.,나 버스 탔는데 옆에 계시던 아주머니가 막 허리에 손을 갖다 대길래, 나버 스타인데 옆에 계시던 아주머니가 막 허리에 손을 갖다 제길래, 나 버스 탔는데 옆에 계시던 아주머니가 막 허리에 손을 갖다대길래, 나 버스 탔는데 옆에 계시던 아주머니가 허리에 손을 갖다 대길래.,나 버스 탔는데 옆에 계시던 아주머니가 막 허리에 손을 갖다대길래.,나 버스 탔는데 옆에 계시던 아주머니가 막 허리에 손을 갖다대길래
서면에서 옷 사야 되는데 내일 같이 가서 골라줄 수 있어?,서면에서 옷 어야 되는데 내일 같이 가서 골라 줄 수 있어?,서면에서 옷 사야 되는데 내일 같이 가서 골라줄 수 있어?,서면에서 옷 사야 되는데 내일 같이 가서 골라줄 수 있어?,서면에서 오쓰아 되는 데내일 가치가서 골라을 수 있슷다,서면에서 옷 야 되는 데마다 같이 가서 골라줄 수 있어?,서면에서 옷 사야 되는데 내일 같이 가서 골라 줄 수 있어.,서면에서 옷 사야 되는데 내일 같이 가서 골라 줄 수 있어., 서면에서 옷 싸야 되는데 내일 같이 가서 골라 줄 수 있어?,서면에서 옷 사야 되는데 내일 같이 가서 골라 줄 수 있어?, 서면에서 옷을 써야 되는데 같이 가서 골라줄 수 있어., 서면에서 옷 사야 되는데 내일 같이 가서 골라줄 수 있어?, 서면에서 옷 사야 되는데 내일 같이 가서 골라줄 수 있어?,서면에서 옷 사야 되는데 내일 같이 가서 골라줄 수 있어.,서면에서 옷 써야 되는데 내일 같이 가서 골라줄 수 있어?
이번 주에 조카 보러 와주지 않을래? 이쁜 조카들이 기다리고 있어.,이번 주에 조카 보러 와 주지 않을래? 이쁜 조카들이 기다리고 있어,이번주에 조카보로 와주지 않을래? 이쁜 조카들이 기다리고 있어.,이번주에 조카보러 와주지 않을래? 이쁜 조카들이 기다리고 있어,이번주 족화버로 와주지 않을내 입쁜 족하들이 기다리고 있다,이번 주 조카보러 와주지 않을래? 예쁜 조카들이 기다리고 있어!,이번 주 조카 보러 와 주지 않을래 이쁜 조카들이 기다리고 있어.,이번 주에 조카 보러 와 주지 않을래?, 이번 주에 조카 보러 와주지 않을래? 이쁜 조카들이 기다리고 있어.,이번 주에 조카 보러 와주지 않을래? 이쁜 조카들이 기다리고 있어., 이번 주의 조카보로 와주지 않을래? 이쁜 조카들이 기다리고 있어, 이번주에 조카보러 와주지 않을래? 예쁜 조카들이 기다리고 있어, 이번 주에 조카 보러 와주지 않을래? 이쁜 조카들이 기다리고 있어.,이번 주에 조카 보러 와주지 않을래 이쁜 조카들이 기다리고 있어.,이번 주에 조카 보러 와주지 않을래 이쁜 조카들이 기다리고 있어.
이빨이 썩어서 신경치료를 해야 하는데 아프지 않을까?,이빨이 썩어서 신경 치료를 해야 하는데 아프지 않을까?,이빨이 썩어서 신경치료를 해야 하는데 아프지 않을까?,이빨이 썩어서 신경치료를 해야 하는데 아프지 않을까?,입발이 서어서 신경치류를 해야 하는데 아프지 않늘까,이빨이 어서 신경치료를 해야 하는데 아프지 않을까?,이빨이 썩어서 신경 치료를 해야 하는데 아프지 않을까?,이빨이 썩어서 신경 치료를 해야 하는데 아프지 않을까?," 이빨이 썩어서 신경 치료를 해야 하는데, 아프지 않을까?",발이 썩어서 신경 치료를 해야 하는데 아프지 않을까?, 이 발이 쏙어서 신경 치료를 해야 하는데 아프지 않을까?, 백발이 썩어서 신경치료를 해야 하는데 아프지 않을까?, 이빨이 썩어서 신경 치료를 해야 하는데 아프지 않을까,깃발이 썩어서 신경치료를 해야 하는데 아프지 않을까?,이빨이 썩어서 신경 치료를 해야 하는데 아프지 않을까?
내일 먹을 얼음 없어가지고 얼음 좀 얼려놔야겠다.,내일 먹을 얼음 없어 가지고 얼음 좀 얼려 놔야겠다,내일 먹을 얼음 없어가지고 얼음 좀 얼려놔야겠다.,내일 먹을 얼음 없어서 얼음 좀 얼려놔야겠다.,내일 먹을 어름 없서가 주고 어름 좀 얼려나야겠다,내일 먹을 얼음 없어가지고 얼음 좀 올려야겠다.,내일 먹을 얼음 없어 가지고 얼음 좀 얼려 놔야겠다.,내일 먹을 얼음 없어 가지고 얼음 좀 얼려 놔야겠다., 내일 먹을 얼음 없어 가지고 얼음 좀 얼려 놔야겠다.,내일 먹을 얼음 없어 가지고 얼음 좀 얼려 놔야겠다., 내일 먹을 얼음 없어서 얼음 좀 올려놔야겠다., 내일 먹을 얼음 없어가지고 얼음 좀 얼려놔야겠다, 내일 먹을 얼음 없어가지고 얼음 좀 얼려놔야겠다.,내일 먹을 얼음 없어가지고 얼음 좀 얼려놔야겠.,내일 먹을 얼음 없어가지구 얼음 좀 얼려 놔야겠다.
밖에 무슨 일 있나? 경철 차가 지나가노.,밖에 무슨 일 있나 경찰차가 지나가고,밖에 무슨 일 있나 경찰차가 지나간 후.,밖에 무슨 일 있나 경찰차가 지나가노,박개 무슨 일인나 경찰차가 지나가후,"밖에 무슨 일이 있나, 경찰차가 지나가노?",밖에 무슨 일 있나 경찰차가 지나가.,밖에 무슨 일 있나 경찰차가 지나가니., 밖에 무슨 일 있나? 경찰차가 지나가노.,밖에 무슨 일 있나? 경찰차가 지나가노., 밖에 무슨 일 있나? 경찰차가 지나가나, 밖에 무슨 일 있나 경찰차가 지나가노, 밖에 무슨 일 있나? 경찰차가 지나가노.,밖에 무슨 일 있나? 경찰차가 지나가노.,밖에 무슨 일 있나 경찰차가 지나가노.
아 제가 아직 명함을 안 만들어갖고 다음에 드리겠습니다.,"아, 제가 아직 명함을 안 만들어 갖고 다음에 드리겠습니다.",아 제가 아직 명함을 안 만들어 갔고 다음에 드리겠습니다.,아 제가 아직 명함을 안만들어갖고 다음에 드리겠습니다,아체가 아식 명함을럼만들어 같고 다음에 드리겠습니다,"아, 제가 아직 명화물 안 만들어갔고, 다음에 드리겠습니다.",아 제가 아직 명함을 안 만들어 갖고 다음에 드리겠습니다.,아 제가 아직 명함을 안 만들어 갖고 다음에 드리겠습니다.," 아, 제가 아직 명함을 안 만들어 갖고 다음에 드리겠습니다.",아 제가 아직 명함을 안 만들어 갖고 다음에 드리겠습니다., 아 제가 아직 명함을 안 만들어서 다음 해드리겠습니다, 제가 아직 명암을 안 만들어서 다음에 드리겠습니다, 제가 아직 명함을 안 만들어 갖고 다음에 드리겠습니다.,"아, 제가 아직 명함을 안 만들어 갖고 다음에 드리겠습니다.",아 제가 아직 명함을 안 만들어 갖고 다음에 드리겠습니다.
이건 사업상 거래였고 너에게도 목적 있었지만 이제 이 거래는 끝났어.,이건 사업상 거래 였고 너에게 목적이 있었지만 이제 이 거래는 끝났어,이건 사업성 거래였고 너에게도 목적이 있었지만 이제 이 거래는 끝났어.,이건 사업상 거래였고 너에게도 목적이 있었지만 이제 이 거래는 끝났어.,이건 사업산거려었고 노에게도 먹적이 있었지만 이제 이어에는 끝났소,이건 사업상 거래였고 너에게도 목적이 있었지만 이제 이 거래는 끝났어!,이건 사업상 거래였다.,이건 사업성 거리였고 너에게도 목적이 있었지만 이제 이거를.," 이건 사업상 거래였고, 너에게도 목적이 있었지만, 이제 이 거래는 끝났어.",이건 사업상 거래였고 너에게도 목적이 있었지만 이제 이 거래는 끝났어., 이건 사업선거래였고 너에게도 목적이셨지만 이제 이거래는 끝났어," 이건 사업상 거래였고 너에게도 목적이 있었지만, 이제 이 거래는 끝났어.", 이건 사업상 거래였고 너에게도 목적이 있었지만 이제 이 거래는 끝났어.,"이건 사업상 거래였고, 너에게도 목적이 있었지만 이제 이 거래는 끝났어.",이건 사업상 거래였고 너에게도 목적이 있었지만 이제 이 거래는 끝났어.
스트레스 많이 받았었나 봐. 저렇게 울 정도일 줄은 몰랐어.,스트레스 많이 받았었나 봐 저렇게 울 정도인 줄은 몰랐어,스트레스 많이 받았었나 봐 저렇게 울 정도인 줄 몰랐어.,진짜 많이 받았었나봐. 저렇게 울 정도인 줄은 몰랐어.,스투스 많이바다손나바 저록게 울정돌은 줄은 몰랐소,스트레스 많이 받았었나 봐 저렇게 울 정도인 줄 몰랐어.,많이 받았었어 저렇게 울 정도인 줄은 몰랐어.,많이 받았었어 저렇게 울 정도인 줄은 몰랐어., 스트레스 많이 받았었나 봐. 저렇게 울 정도인 줄 몰랐어.,수수수 많이 받았었나 봐. 저렇게 울 정도인 줄은 몰랐어., 진짜 많이 받았었나 봐. 저렇게 울 정도는 줄 몰랐어., 스탯스탯 많이 받았었나봐 저렇게 울 정도인 줄은 몰랐어, 스트레스 많이 받았었나 봐. 저렇게 울 정도인 줄은 몰랐어.,"스스 많이 받았었나봐, 저렇게 울 정도인 줄은 몰랐어.",스트레스 많이 받았었나 봐. 저렇게 울 정도인 줄은 몰랐어.
그렇게 눈이 부시던 순간들이 지나고 모든 게 변해버렸지.,그렇게 눈이 보시던 순간들이 지나고 모든 게 변해 버렸지.,그렇게 눈이 부시던 순간들이 지나고 모든 게 변해 버렸지.,그렇게 눈이 부시던 순간들이 지나고 모든 게 변해버렸지.,그렇게 눈이 부시던 순간들이 지하고 모든계에 변해버렸지,그렇게 눈이 부시던 순간들이 지나고 모든 게 변해버렸지.,그렇게 눈이 부시던 순간들이 지나고 모든게 변해 버렸지.,그렇게 눈이 부시던 순간들이 지나고 모든게 변해 버렸지., 그렇게 눈이 부시던 순간들이 지나고 모든 게 변해 버렸지.,그렇게 눈이 부시던 순간들이 지나고 모든게 변해 버렸지., 그렇게 눈이 부시다는 순간 들이 지나고 모든게 편해버렸지, 그렇게 눈이 부시던 순간들이 지나고 모든 게 변해버렸지., 그렇게 눈이 부시던 순간들이 지나고 모든 게 변해버렸지.,그렇게 눈이 부시던 순간들이 지나고 모든 게 변해버렸지.,그렇게 눈이 부시던 순간들이 지나고 모든 게 변해버렸지
오늘 7시에 영화 예매해두면 될까?,오늘 일곱 시에 영화 예매해 두면 될까?,오늘 일곱시에 영화 예매해두면 될까?,오늘 7시에 영화 예매해두면 될까?,오늘 이곱시의 용화 예매두면 될가,오늘 일곱시에 영화 예매해두면 될까?,오늘 7시에 영화 예매 두면 될까?,오늘 7시에 영화 예매 두면 될까?, 오늘 7시에 영화 예매해 두면 될까?,오늘 7시에 영화 예매해 두면 될까?, 오늘 7시에 영화 개매해두면 될까?, 오늘 7시에 영화 예매해두면 될까?, 오늘 7시에 영화 예매해두면 될까?,오늘 일곱 시에 영화 예매해 두면 될까?,오늘 일곱시에 영화 예매해 두면 될까?
피자 먹고 싶다 어디 피자 좋아해? 나는 도미노 피자가 좋더라.,피자 먹고 싶다 어디 피자 좋아해? 너는 도미노 피자가 좋더라,딱 피자 먹고 싶다 어디 피자 좋아해? 나는 도미노 피자가 좋더라.,피자 먹고 싶다. 어디 피자 좋아해? 나는 도미노 피자가 좋더라.,피자먹고십다 오디 피자 조아에 나는 도민노 피자가 좋더라,피자 먹고 싶다. 어디 피자 좋아해? 나는 도미노 피자가 좋더라.,피자 먹고 싶다 어디 피자 좋아해 나는 도미노피자가 좋더라.,피자 먹고 싶다., 피자 먹고 싶다. 어디 피자 좋아해? 나는 도미노 피자가 좋더라.,피자 먹고 싶다. 어디 피자 좋아해? 나는 도미노 피자가 좋더라., 피자 먹고 싶다. 어디 피자 좋아해? 나는 도민호 피자가 좋더라., 피자 먹고 싶다 어디 피자 좋아해? 나는 도미노 피자가 좋더라, 피자 먹고 싶다. 어디 피자 좋아해? 나는 도미노 피자가 좋더라.,"피자 먹고 싶다, 어디 피자 좋아해 나는 도미노 피자가 좋더라.",피자 먹고 싶다. 어디 피자 좋아해? 나는 도미노 피자가 좋더라.
흑임자떡이랑 인절미 떡 둘 중에서 뭐 먹지? 너무 고민돼.,흑인 자 떡이랑 인절미 떡 둘 중에서 뭐 먹지? 너무 고민돼,흑임자떡이랑 임절미떡 둘 중에서 뭐 먹지? 너무 고민돼.,흑임자떡이랑 인절미떡 둘 중에서 뭐 먹지? 너무 고민돼,크임자더이 랑 인절미덕 둘중에서 모먹지 너무 고민된,흑자이랑 임절미 둘 중에서 뭐 먹지? 너무 고민돼,흑임자 떡이랑 인절미 떡 둘 중에서 뭐 먹지 너무 고민돼.,흑임자 떡이랑 인절미 떡 둘 중에서 뭐 먹지 너무 고민돼., 흑임자 떡이랑 인절미 떡 둘 중에서 뭐 먹지? 너무 고민돼.,흑임자떡이랑 인절미떡 둘 중에서 뭐 먹지? 너무 고민돼., 흑임 잡닥이랑 인절미 떡 둘 중에서 뭐 먹지? 너무 고민돼, 흑임자떡이랑 인절미떡 둘 중에서 뭐 먹지? 너무 고민돼, 흑임자떡이랑 인절미 떡 둘 중에서 뭐 먹지? 너무 고민돼.,흑임자떡이랑 인절미떡 둘 중에서 뭐 먹지 너무 고민돼.,흑임자 떡이랑 인절미 떡 둘 중에서 뭐 먹지? 너무 고민돼.
배고픈데 우리 치킨 시켜 먹을까?,배고픈데 우리 치킨 시켜 먹을까,배고픈데 우리 치킨 시켜 먹을까?,배고픈데 우리 치킨 시켜먹을까?,배국분데 우리 지힌 지 켜먹구 했까,배고픈데 우리 치킨 시켜 먹을까?,배고픈데 우리 치킨 시켜 먹을까?,배고픈데.," 배고픈데, 우리 치킨 시켜 먹을까?",배고픈데 우리 치킨 시켜 먹을까?, 배고픈데 우리 치킨 시켜먹을까?, 배고픈데 우리 치킨 시켜 먹을까?, 배고픈데 우리 치킨 시켜 먹을까?,배고픈데 우리 치킨 시켜 먹을까?,배고픈데 우리 치킨 시켜 먹을까?
다이어트를 하는데 생리와 겹쳐서 걱정이야.,다이어트를 하는데 생리가 겹쳐서 걱정이야.,다이어트를 하는데 생리와 겹쳐서 걱정이야.,다이어트를 하는데 생리와 겹쳐서 걱정이야.,다이여트를 하는데에 생리와 겹쳐서 걱종이야,다이어트를 하는데 생리와 쳐서 걱정이야,다이어트를 하는데 생리와 겹쳐서 걱정이야.,다이어트를 하는데 생리와 겹쳐서 걱정이야., 다이어트를 하는데 생리와 겹쳐서 걱정이야.,다이어트를 하는데 생리와 겹쳐서 걱정이야., 다이어트를 하는데 생리와 겹쳐서 걱정이야, 다이어트를 하는데 생리와 겹쳐서 걱정이야, 다이어트를 하는데 생리와 겹쳐서 걱정이야.,다이어트를 하는데 생리와 겹쳐서 걱정이야.,다이어트를 하는데 생리와 겹쳐서 걱정이야.
근데 요즘 계속 걔랑 같이 집 가네? 질투 나려고 해.,근데 요즘 계속 걔랑 같이 집 가해 질투 하려고 해,근데 요즘 계속 걔랑 같이 집 가네 질투 나려고 해.,근데 요즘 계속 걔랑 같이 집 가네? 질툰 하려고 해,그데 요중 계속 개랑같이 집간에 즐튼하려고해,근데 요즘 계속 계란 같이 집간에 질투하려고 해.,근데 요즘 계속 걔랑 같이 집 가네 질투 나려고 해.,근데 요즘 계속 걔랑 같이 집 가네 질투 나려고 해., 근데 요즘 계속 개랑 같이 집간에 질투 하려고 해.,근데 요즘 계속 개랑 같이 집 가네? 질투나려고 해., 근데 요즘 계속 계란같이 집가네? 질트나려고 해, 근데 요즘 계속 걔랑 같이 집 가네? 질투나려고 해, 근데 요즘 계속 걔랑 같이 집 가네 질투 나려고 해,근데 요즘 계속 걔랑 같이 집간네 질툰하려고 해.,그런데 요즘 계속 걔랑 같이 집간에 질투 나려고 해.
인터넷에 너무 나쁜 댓글들이 많다. 조금 지워줬으면 좋겠는데.,인터넷에 너무 나쁜 댓글들이 많다. 조금 지워 줬으면 좋겠는데.,인터넷에 너무 나쁜 댓글들이 많다. 조금 지어줬으면 좋겠는데.,인터넷에 너무 나쁜 댓글들이 많다. 조금 지워줬으면 좋겠는데.,인터에에 너은 아쁜 대끗리들이 만타 쪽금 취어조음으 주겠는데,인터넷에 너무 나쁜 글들이 많다. 조금 지워으면 좋겠는데,인터넷에 너무 나쁜 댓글들이 많다. 조금 지워 줬으면 좋겠는데.,인터넷에 너무 나쁜 댓글들이 많다., 인터넷에 너무 나쁜 댓글들이 많다. 조금 지어 줬으면 좋겠는데.,인터넷에 너무 나쁜 댓글들이 많다. 조금 지워 줬으면 좋겠는데., 인터넷은 너무 나쁜데 그리들이 많다 조금 지워졌으면 좋겠는데, 인터넷에 너무 나쁜 댓글들이 많다 조금 지어줬으면 좋겠는데, 인터넷에 너무 나쁜 댓글들이 많다 조금 지어줬으면 좋겠는데,인터넷에 너무 나쁜 댓글들이 많다. 조금 지어줬으면 좋겠는데.,인터넷에 너무 나쁜 댓글들이 많다 조금 지워줬으면 좋겠는데
저는 영어는 물론 일본어도 말할 수 있어요.,저는 영어는 물론 일본어도 말할 수 있어요,저는 영어는 물론 일본어도 말할 수 있어요.,저는 영어는 물론 일본어도 말할 수 있어요.,전은 영원는 물론 일본화도 말할 수 있싸여,저는 영어는 물론 일본어도 말할 수 있어요.,저는 영어는 물론 일본어도 말할 수 있어요.,저는 영어는 물론 일본어로 말할 수 있어요., 저는 영어는 물론 일본어도 말할 수 있어요.,저는 영어는 물론 일본어도 말할 수 있어요., 저는 영어는 물론 일본어도 말할 수 있어요, 저는 영어는 물론 일본어도 말할 수 있어요., 저는 영어는 물론 일본어도 말할 수 있어요.,저는 영어는 물론 일본어도 말할 수 있어요.,저는 영어는 물론 일본어도 말할 수 있어요.
그녀는 몸이 약한지 감기에 쉽게 걸려버린다.,그녀는 몸이 약한 지 감기에 쉽게 걸려 버린다.,그녀는 몸이 약한지 감기에 쉽게 걸려버린다.,그녀는 몸이 약한지 감기에 쉽게 걸려버린다.,그년는 몸이 악한지 감기의 쉽개 걸려버린다,그녀는 몸이 약한지 감기에 쉽게 걸려버린다.,그녀는 몸이 약한지 감기에 쉽게 걸려 버린다.,그녀는 몸이 약한지 감기에 쉽게 걸려 버린다., 그녀는 몸이 약한지 감기에 쉽게 걸려 버린다.,그녀는 몸이 약한지 감기에 쉽게 걸려 버린다., 그녀는 몸이 약한 지 감기에 쉽게 걸려버린다., 그녀는 몸이 약한지 감기에 쉽게 걸려버린다., 그녀는 몸이 약한지 감기에 쉽게 걸려버린다.,그녀는 몸이 약한지 감기에 쉽게 걸려버린다.,그녀는 몸이 약한지 감기에 쉽게 걸려 버린다.
설마 이상한 짓 하는 건 아니겠지? 걱정된다. 얼른 들어와.,설마 이상한 짓 하는 건 아니겠지? 걱정된다 얼른 들어와!,설마 이상한 짓 하는 건 아니겠지 걱정된다. 얼른 들어와.,설마 이상한 짓 하는건 아니겠지? 걱정된다. 얼른 들어와.,철마 이상한 치하는 것 아니겠지 걱정된다 얼른 들러와,설마 이상한지 타는 건 아니겠지 걱정된다 얼른 들어와,설마 이상한 짓 하는 건 아니겠지 걱정된다 얼른 들어와.,철마 이상한 짓 하는 건 아니겠지 걱정된다 얼른 들어와.," 설마, 이상한 짓하는 건 아니겠지? 걱정된다. 얼른 들어와.",설마 이상한 짓 하는 건 아니겠지? 걱정된다. 얼른 들어와., 설마 이상한 주타는건 아니겠지? 걱정된다 얼른 들어와, 설마 이상한 짓 하는 건 아니겠지? 걱정된다 얼른 들어와, 설마 이상한 짓 하는 건 아니겠지 걱정된다 얼른 들어와.,설마 이상한 짓 하는 건 아니겠지 걱정된다. 얼른 들어와.,"설마 이상한 짓하는 건 아니겠지 걱정된다, 얼른 들어와."
되게 오랜만이네요. 어떻게 지내셨어요?,되게 오랜만이네요 어떻게 지내셨어요?,되게 오랜만이네요. 어떻게 지내셨어요?,되게 오랜만이네요. 어떻게 지내셨어요?,되게 오랫 만 이내어 어떻해 지해졌어요,"되게 오래만이네요, 어떻게 지내셨어요?",되게 오랜만이네요 어떻게 지내셨어요?,되게 오랜만이네요 어떻게 지내셨어요?, 되게 오랜만이네요. 어떻게 지내셨어요?,되게 오랜만이네요. 어떻게 지내셨어요?, 되게 오랜만이네요. 어떻게 지내셨어요?, 되게 오랜만이네요. 어떻게 지내셨어요?, 되게 오랜만이네요. 어떻게 지내셨어요?,되게 오랜만이네요. 어떻게 지내셨어요?,되게 오랜만이네요 어떻게 지내셨어요?
상품권으로 결제할 거고요. 현금 영수증 부탁드릴게요.,상품권으로 결제할 거고요 현금 영수증 부탁드릴게요,상품권으로 결제할 거구요 현금영수증 부탁드릴게요.,상품권으로 결제할 거구요 현금 영수증 부탁드릴게요,상품건으로 결제할고 구여 현금 영수 주는 부탁드리게여,"상품권으로 결제할 거고요, 현금 영수 등 부탁드릴게요.",상품권으로 결제할 거고요 현금영수증 부탁드릴게요.,상품권으로 결제할 거고요 현금영수증 부탁드릴게요.," 상품권으로 결제할 거고요, 현금 영수 중 부탁드릴게요.",상품권으로 결제할 거고요. 현금 영수증 부탁드릴게요., 상품 건으로 결제할 거고요. 현금 영수 중 부탁드릴게요., 상품권으로 결제할 거구요. 현금 영수증 부탁드릴게요., 상품권으로 결제할 거고요 현금영수증 부탁드릴게요.,상품권으로 결제할 거고요. 현금영수증 부탁드릴게요.,상품권으로 결제할 거구요. 현금 영수증 부탁드릴게요.
오래 기다리셨어요? 제가 너무 많이 늦은 건 아니죠?,오래 기다리 셨어요 제가 너무 많이 늦은 건 아니죠,오래 기다리셨어요. 제가 너무 많이 늦은 건 아니죠.,오래 기다리셨어요? 제가 너무 많이 늦은 건 아니죠?,오래게 달리셨어여 제가 넘무 많이는 증건 아니져,오래 기다리셨어요? 제가 너무 많이 늦은 건 아니죠?,오래 기다리셨어요 제가 너무 많이 늦은 건 아니죠?,오래 기다리셨어요 제가 너무 많이 늦은 건 아니죠?, 오래 기다리셨어요? 제가 너무 많이 늦은 건 아니죠.,오래 기다리셨어요? 제가 너무 많이 늦은 건 아니죠?, 오래 기다리셨어요? 제가 너무 많이 늦은 건 아니죠?, 오래 기다리셨어요? 제가 너무 많이 늦은 건 아니죠?, 오래 기다리셨어요? 제가 너무 많이 늦은 건 아니죠?,오래 기다리셨어요. 제가 너무 많이 늦은 건 아니죠.,오래 기다리셨어요 제가 너무 많이 늦은 건 아니죠
오늘은 선배랑 대화가 목적이었으니까 카페가 낫겠지?,오늘은 선배랑 대화가 목적 이었으니까 카페가 낫겠지,오늘은 선배랑 대화가 목적이었으니까 카페가 낫겠지?,오늘은 선배랑 대화가 목적이었으니까 카페가 낫겠지?,오늘은 선배랑 대가가 목적이었으니까 값패가 낫겠지,오늘은 선배랑 대화가 목적이었으니까 카페가 겠지?,오늘은 선배랑 대화가 목적이었다 카페가 낫겠지.,오늘은 선배랑 대화가 목적이었다 카페가 낫겠지., 오늘은 선배랑 대화가 목적이었으니까 카페가 낫겠지.,오늘은 선배랑 대화가 목적이었으니까 카페가 낫겠지?, 오늘은 선배랑 대화가 목적이었으니까 카페가 낫겠지, 오늘은 선배랑 대화가 목적이었으니까 카페가 낫겠지?, 오늘은 선배랑 대화가 목적이었으니까 카페가 낫겠지?,오늘은 선배랑 대화가 목적이었으니까 카페가 낫겠지.,오늘은 선배랑 대화가 목적이었으니까 카페가 낫겠지?
네 없어요. 오히려 좋은 전시같이 보자 해주셔서 감사해요.,"네, 없어요 오히려 좋은 전시 같이 보자 해 주셔서 감사해요",네 없어요? 오히려 좋은 전시 같이 보자 해주셔서 감사해요.,네 없어요. 오히려 좋은 전시 같이 보자 해주셔서 감사해요,내 없어여 오히에 좋은 전씨 갇치보자에 주셔서 감사하여,"네, 없어요. 오히려 좋은 전시 같이 보자 해주셔서 감사해요!",네 없어요 오히려 좋은 전시 같이 보자 해 주셔서 감사해요.,네 없어요 오히려 좋은 전시 같이 보자 해 주셔서 감사해요.," 네, 없어요. 오히려 좋은 전시 같이 보자 해 주셔서 감사해요.","네, 없어요. 오히려 좋은 전시 같이 보자 해 주셔서 감사해요.", 네 없어요. 오히려 좋은 전식 같이 모자 해주셔서 감사해요., 네 없어요. 오히려 좋은 전시 같이 보자 해주셔서 감사해요., 네 없어요. 오히려 좋은 전시 같이 보자 해주셔서 감사해요.,"네, 없어요. 오히려 좋은 전시 같이 보자해주셔서 감사해요.","네, 없어요, 오히려 좋은 전시 같이 보자해 주셔서 감사해요."
나는 웃음을 지으려고 했지만 이미 뺨이 굳어서 제대로 움직이지 않았다.,나는 웃음을 지으려고 했지만 이미 땀이 굳어서 제대로 움직이지 않았다.,나는 웃음을 지우려고 했지만 이미 뺨이 굳어서 제대로 움직이지 않았다.,나는 웃음을 지우려고 했지만 이미 뺨이 굳어서 제대로 움직이지 않았다.,나는 우숨을 주유려고 했지만 이미 뺨이 구도서 채들로 움직이지 않았다,나는 웃음을 지우려고 했지만 이미 이 어서 제대로 움직이지 않았다.,나는 웃음을 지으려고 했지만 이미 뺨이 굳어서 제대로 움직이지 않았다.,나는 웃음을 지우려고 했지만 이미 뺨이 굳어서 제대로 움직이지 않았다., 나는 웃음을 지우려고 했지만 이미 яб이 굳어서 제대로 움직이지 않았다.,나는 웃음을 지우려고 했지만 이미 뺨이 굳어서 제대로 움직이지 않았다., 나는 웃음을 지우려고 했지만 이미 뺨이 굳어서 제대로 움직이지 않았다., 나는 웃음을 지우려고 했지만 이미 뺨이 굳어서 제대로 움직이지 않았다., 나는 웃음을 지우려고 했지만 이미 뺨이 굳어서 제대로 움직이지 않았다.,나는 웃음을 지우려고 했지만 이미 뺨이 굳어서 제대로 움직이지 않았다.,나는 웃음을 지우려고 했지만 이미 뺨이 굳어서 제대로 움직이지 않았다.
올해 비 진짜 많이 오는 데 미리 제습기 사놓길 잘했다.,올해 비 진짜 많이 오는데 미리 진 습기 사 놓기 잘했다.,올해 비 진짜 많이 오는데 미리 제습기 사놓길 잘했다.,올해 비 진짜 많이 오는데 미리 제습기 사놓길 잘했다.,우래피 친자 많녀오는 데에 미이 제수기 사옥게 잘했다,올해 비 진짜 많이 오는데 미리 제스키 사놓기 잘했다.,올해 비 진짜 많이 오는데 미리 제습기 사 놓길 잘했다.,모레 비 진짜 많이 오는데 미리 제습기 사 놓게 잘했다., 올해 비 진짜 많이 오는데 미리 재습기 사 놓길 잘했다.,올해 비 진짜 많이 오는데 미리 제 새끼 사 놓길 잘했다., 오랫비 진짜 많이 오는데 미리 제습기 산호킬 잘했다., 올해 비 진짜 많이 오는데 미리 제스키 사놓길 잘했다, 올해 비 진짜 많이 오는데 미리 제습기 사놓길 잘했다.,올해 비 진짜 많이 오는데 미리 재습기 사놓길 잘했다.,올해 비 진짜 많이 오는데 미리 제습기 사 놓길 잘했다.
오늘 학교 졸업식인데 난 아직 학생이고 친구들 졸업하는데 마음이 붕 뜬다.,오늘 학교 졸업 식인데 난 아직 학생이고 친구들 졸업하는 데 마음이 봉 뜬다,오늘 학교 졸업식인데 난 아직 학생이고 친구들 졸업하는데 마음이 본뜬다.,오늘 학교 졸업식인데 난 아직 학생이고 친구들 졸업하는데 마음이 봉뜬다.,오늘 학교 조럽시인 데 단아직 하스에이이고 친고을 조럽하는데 마음이 봉든다,"오늘 학교 졸업식인데, 난 아직 학생이고 친구들이 졸업하는데 마음이 봉다",오늘 학교 졸업식인데 난 아직 학생이고 친구들 졸업하는데 마음이 봉 뜬다.,오늘 학교 졸업식인데 난 아직 학생이고 친구들 졸업하는데 마음이 붕 뜬다., 오늘 학교 졸업식인데 난 아직 학생이고 친구들 졸업하는데 마음이 봉든다.,오늘 학교 졸업식인데 난 아직 학생이고 친구들 졸업하는데 마음이 봉 뜬다., 오늘 학교 졸업식인데 난 아직 학생이고 친구들 졸업하는데 마음이 봉든다, 오늘 학교 졸업식인데 난 아직 학생이고 친구들 졸업하는데 마음이 봉 뜬다., 오늘 학교 졸업식인데 난 아직 학생이고 친구들 졸업하는데 마음이 봉 뜬다.,오늘 학교 졸업식인데 난 아직 학생이고 친구들 졸업하는데 마음이 봉 뜬다.,오늘 학교 졸업식인데 난 아직 학생이고 친구들 졸업하는데 마음이 벙 뜬다.
에이 애도 아니고. 유치하게 선배가 계속 속 좁게 그러겠어?,"에이, 애도 아니고 유치하게 선배가 계속 속 좁게 그러겠어",에이 애도 아니고 유치하게 선배가 계속 속 좁게 그러겠어?,에이 애도 아니고 유치하게 선배가 계속 속 좁게 그러겠어,에이또아니고 유치하게 선배가 계속 폭접게 그록했써,"에이, 애도 아니고 유치하게 선배가 계속 속게 그러겠어.",에이 애도 아니고 유치하게 선배가 계속 속 좁게 그러겠어.,에이 애도 아니고 유치하게 선배가 계속 속 좁게 그러겠어.," 에이, 애도 아니고, 유치하게 선배가 계속 속게 그러겠어.","에이, 얘도 아니고 유치하게 선배가 계속 속 좁게 그러겠어."," 에이, 애도 아니고 유치하게 선배가 계속 속족하게 그렇게 써.", 에이 애도 아니고 유치하게 선배가 계속 속 좁게 그러겠어, 에이 애도 아니고 유치하게 선배가 계속 속 좁게 그러겠어.,에이 애도 아니고 유치하게 선배가 계속 속좁게 그러겠어.,"에이, 애도 아니고 유치하게 선배가 계속 속 좁게 그러겠어."
오늘 회식은 내가 쏠 거니깐 많이 먹어.,오늘 회식은 내가 쏠 거니깐. 많이 먹어.,오늘 회식은 내가 쏠 거니깐 많이 먹어?,오늘 회식은 내가 쏠 거니깐 많이 먹어.,오늘 회식은 내가 술건 있간 많이어고,오늘 회식은 내가 거리니까 많이 먹어!,오늘 회식은 내가 쏠 거니깐 많이 먹어.,오늘 회식은 내가 쏠 거니깐 많이 먹어., 오늘 회식은 내가 쏠 거니깐 많이 먹어.,오늘 회식은 내가 쏠 거니까 많이 먹어., 오늘 회식은 내가 쏠 거니까 많이 먹어, 오늘 회식은 내가 쏠 거니까 많이 먹어., 오늘 회식은 내가 쏠 거니깐 많이 먹어.,오늘 회식은 내가 쏠 거니깐 많이 먹어.,오늘 회식은내가 쏠거니깐 많이 먹어
제 코트에 보풀이 너무 많이 생겨서 수선하러 왔어요.,제 코트에 보풀이 너무 많이 생겨서 수선 하러 왔어요,제 코트에 보풀이 너무 많이 생겨서 수선하러 왔어요.,제 코트에 보풀이 너무 많이 생겨서 수선하러 왔어요,제 코트에 보프이 넘무 많이 생겨서 수손화로 왔어여,제 코트에 보풀이 너무 많이 생겨서 수선하러 왔어요.,제 코트에 보풀이 너무 많이 생겨서 수선화로 왔어요.,제 코트에 보풀이 너무 많이 생겨서 수선화로 왔어요., 제 코트에 보플이 너무 많이 생겨서 수선하러 왔어요.,제 코트에 보풀이 너무 많이 생겨서 수선하러 왔어요., 제 코트에 복풀이 너무 많이 생겨서 수선하러 왔어요, 제 코트에 보풀이 너무 많이 생겨서 수선하러 왔어요, 제 코트에 보풀이 너무 많이 생겨서 수선하러 왔어요.,제 코트에 보풀이 너무 많이 생겨서 수선하러 왔어요.,제 코트에 보풀이 너무 많이 생겨서 수선하러 왔어요
그나저나 어쩌다 둘이서 같이 저녁을 먹게 된 거야? 의외의 조합이네.,그나저나 어쩌다 둘이서 같이 저녁을 먹게 된 거야? 이 왜 조합이? 네,그나저나 어쩌다 둘이서 같이 저녁을 먹게 된 거야. 의외의 조합이네.,그나저나 어쩌다 둘이서 같이 저녁을 먹게 된 거야? 의외의 조합이네?,그나전나 어쩔다 두리서 같치 전역을 먹에된 거야 의외의조아이내,그나저나 어다 둘이서 같이 저녁을 먹게 된 거야 의외 조합이네,그나저나 어쩌다 둘이서 같이 저녁을 먹게 된 거야 의회 조합이네.,그나저나 어쩌다 둘이서 같이 저녁을 먹게 된 거야., 그나저나 어쩌다 둘이서 같이 저녁을 먹게 된 거야? 의회의 조합이네.,그나저나 어쩌다 둘이서 같이 저녁을 먹게 된 거야? 의외의 조합이네., 그나저나 어쩌다 둘이서 같이 저녁을 먹게 된거야? 왜 조합이네?, 그나저나 어쩌다 둘이서 같이 저녁을 먹게 된 거야? 의외의 조합이네?, 그나저나 어쩌다 둘이서 같이 저녁을 먹게 된 거야 의외의 조합이네,그나저나 어쩌다 둘이서 같이 저녁을 먹게 된 거야. 위외의 조합이네.,그나저나 어쩌다 둘이서 같이 저녁을 먹게 된 거야? 의외의 조합이네?
어. 나 감기 걸렸나 봐. 어제부터 목이 너무 아파. 침 삼킬 때마다 막 따끔거려.,"어, 나 감기 걸렸나 봐 어제부터 목이 너무 아파 칭찬 킬 때마다 막 따끔 거려",어 나 감기 걸렸나봐. 어제부터 목이 너무 아파 침장 필 때마다 막 따끔거려.,어 나 감기 걸렸나봐. 어제부터 목이 너무 아파. 침 삼킬 때마다 막 따끔거려.,오원다 감기 골년나바 오제부터 무기 도무앞파 침상 펼대마다 막닥끔거려,"오, 나 감기 걸렸나 봐, 어제부터 목이 너무 아파, 침상  때마다 막 거려.",어 나 감기 걸렸나 봐 어제부터 목이 너무 아파 침 삼킬 때마다 막 따끔거려.,어 나 감기 걸렸나 봐 어제부터 목이 너무 아파 침 삼킬 때마다 막 따끔거려.," 어, 나 감기 걸렸나 봐. 어제부터 목이 너무 아파. 침상힐 때마다 막 따끔거려.","어, 나 감기 걸렸나 봐. 어제부터 목이 너무 아파. 침 삼킬 때마다 막 따끔거려.", 어 나 감기 걸렸나봐 어제부터 목이 너무 아파 침상필 때마다 막 닦은 거려, 어 나 감기 걸렸나봐 어제부터 목이 너무 아파 침 상태때마다 막 따끔거려, 어 나 감기 걸렸나 봐. 어제부터 목이 너무 아파. 침 삼킬 때마다 따끔거려.,"어, 나 감기 걸렸나봐. 어제부터 목이 너무 아파 침창 필 때마다 막 따끔거려 뜨.",어 나 감기 걸렸나봐. 어제부터 목이 너무 아파. 침 삼킬 때마다 막 따끔거려.
남의 연애사 별로 관심 없으니까 그만 얘기해도 돼.,남의 연애사 별로 관심 없으니까 그만 얘기해도 돼,남해 연애사 별로 관심 없으니까 그만 얘기해도 돼?,남의 연애사 별로 관심 없으니까 그만 얘기해도 돼.,남의 연해사 별로 관심 없으니까 그만 예기에 도 대에,남의 연애사 별로 관심이 없으니까 그만 얘기해도 돼,남의 연애사 별로 관심 없으니까 그만 얘기해도 돼.,남해 연애사 별로 관심 없으니까 그만 얘기해도 돼., 남의 연애사 별로 관심 없으니까 그만 얘기해도 돼.,남의 연애사 별로 관심 없으니까 그만 얘기해도 돼., 남의 연애사 별로 관심 없으니까 그만 얘기해도 돼, 남의 연애사 별로 관심 없으니까 그만 얘기해도 돼, 남의 연애사 별로 관심 없으니까 그만 얘기해도 돼.,남의 연애사 별로 관심 없으니까 그만 얘기해도 돼.,남의 연애사 별로 관심 없으니까 그만 얘기해도 돼.
오늘은 집에서 텔레비전도 보고 뒹굴뒹굴 쉴 거야.,오늘은 집에서 텔레비전도 보고 둥글둥글 쉴 거야,오늘은 집에서 텔레비전도 보고 뒹굴뒹굴 쉴 거야?,오늘은 집에서 텔레비전도 보고 뒹굴뒹굴 쉴 거야.,오늘은 집에서 텔레비전도 보고 등굴등골 실과야,오늘은 집에서 텔레비전도 보고 딩글딩글 을 거야.,오늘은 집에서 텔레비전도 보고 뒹굴뒹굴 쉴 거야.,오늘은 집에서 텔레비전도 보고 뒹굴뒹굴 쉴 거야., 오늘은 집에서 텔레비전도 보고 딩글딩글 쉴 거야.,오늘은 집에서 텔레비전도 보고 딩글딩글 쉴 거야., 오늘은 집에서 텔레비전도 보고 딩글딩글 쉴거야, 오늘은 집에서 텔레비전도 보고 딩글딩글 쉴 거야, 오늘은 집에서 텔레비전도 보고 뒹굴뒹굴 쉴 거야.,오늘은 집에서 텔레비전도 보고 뒹글뒹굴 쉴 거야.,오늘은 집에서 텔레비전도 보고 뒹굴뒹굴 쉴 거야.
같이 맞벌이하는데 집안일은 내가 더 많이 하는 것 같아.,같이 맞벌이 하는데 집안 일은 내가 더 많이 하는 것 같아.,같이 맞벌이하는데 집안일은 네가 더 많이 하는 거 같아?,같이 맞벌이 하는데 집안일은 내가 더 많이 하는 것 같아.,갇이 맛버리하는 데에 집반일은 대가 더 많이하는 것 같다,같이 맞벌이하는데 집안일은 내가 더 많이 하는 것 같아.,같이 맞벌이 하는데 집안일은 내가 더 많이 하는 거 같아.,같이 맞벌이 하는데 집안일은 내가 더 많이 하는 거 같아., 같이 맛벌이 하는데 집안 일은 내가 더 많이 하는 거 같아.,같이 맛벌이 하는데 집안일은 내가 더 많이 하는 거 같아., 같이 맞벌이하는데 집안이는 내가 더 많이 하는 것 같아., 같이 맞벌이 하는데 집안일은 내가 더 많이 하는 것 같아., 같이 맞벌이하는데 집안일은 내가 더 많이 하는 거 같아.,같이 맞벌이 하는데 집안일은 내가 더 많이 하는 것 같아.,같이 맞벌이하는데 집안일은 내가 더 많이 하는 거 같아.
이번 주 일요일부터 산에 가기로 했어.,이번 주 일요일부터 산에 가기로 했어,이번 주 일요일부터 산에 가기로 했어.,이번 주 일요일부터 산에 가기로 했어.,2먼주 이루일 부터 산에 가기로했소,이번 주 일요일부터 산에 가기로 했어!,이번 주 일요일부터 산에 가기로 했어.,이번 주 일요일부터 산에 가기로 했어., 이번 주 일요일부터 산에 가기로 했어.,이번 주 일요일부터 산에 가기로 했어., 이번 주 2주 1부터 산에 가기로 했어., 이번 주 일요일부터 산에 가기로 했어., 이번 주 일요일부터 산에 가기로 했어.,이번 주 일요일부터 산에 가기로 했어.,이번주 일요일부터 산에 가기로 했어.
배도 불러서 후식으로 커피를 먹을 거예요.,배도 불러서 후식으로 커피를 먹을 거예요.,배도 불러서 후식으로 커피를 먹을 거예요.,배도 불러서 후식으로 커피를 먹을 거에요,배도 불러서 후식으로 커피를 먹을 거해요,배도 불러서 후식으로 커피를 먹을 거예요.,배도 불러서 후식으로 커피를 먹을 거예요.,배도 불러서 후식으로 커피를 먹을 거예요., 배도 불러서 후식으로 커피를 먹을 거예요.,배도 불러서 후식으로 커피를 먹을 거예요., 배도 불러서 후식으로 커피를 먹을거에요, 배도 불러서 후식으로 커피를 먹을 거예요., 배도 불러서 후식으로 커피를 먹을 거예요.,배도 불러서 후식으로 커피를 먹을 거예요.,배도 불러서 후식으로 커피를 먹을거예요.
그건 나도 확실히 모르겠어.,그건 나도 확실히 모르겠어,그건 나도 확실히 모르겠어?,그건 나도 확실히 모르겠어.,최원나도 확시이 물르 길소,그건 나도 확실히 모르겠어,그건 나도 확실히 모르겠어.,그건 나도 확실히 모르겠어., 그건 나도 확실히 모르겠어.,그건 나도 확실히 모르겠어., 그건 나도 확실히 모르겠어, 그건 나도 확실히 모르겠어, 그건 나도 확실히 모르겠어,그건 나도 확실히 모르겠어.,그건 나도 확실히 모르겠어.
소방당국은 지하철 역사 안 환풍기 시설 안으로 전선에 불이 붙은 것으로 보고 정확한 원인을 파악하고 있습니다.,소방 당국은 지하철 역사 안 환풍기 시설 안에서 전선에 불이 붙은 것으로 보고 정확한 원인을 파악하고 있습니다.,소방당국은 지하철역 사안 환 환풍기 시설 안에서 전선에 불이 붙은 것으로 보고 정확한 원인을 파악하고 있습니다.,소방당국은 지하철 역사 안 환풍기 시설 안에서 전선에 불이 붙은 것으로 보고 정확한 원인을 파악하고 있습니다.,소방당국은 지하철 역사 안 환풍기 시설 안에서 전선의 부의부은 것으로 보고 정확한 원인을 파학하고 있습니다,소방 당국은 지하철 역사 안 환풍기 시설 안에서 전선에 불이 붙은 것으로 보고 정확한 원인을 파악하고 있습니다.,소방당국은 지하철 역사 안 환풍기 시설 안에서 전선에 불이 붙은 것으로 보고 정확한 원인을 파악하고 있습니다.,소방당국은 지하철 역사 안 환풍기 시설 안에서 전선에 불이 붙은 것으로 보고 정확한 원인을 파악하고 있습니다., 소방 당국은 지하철 역사 안 환풍기 시설 안에서 전선의 불이 붙은 것으로 보고 정확한 원인을 파악하고 있습니다.,소방당국은 지하철 역사안 환풍기 시설 안에서 전선에 불이 붙은 것으로 보고 정확한 원인을 파악하고 있습니다., 소방당국은 지하철 역사한 한풍기 시사를 안 해서 전선에 불이 붙은 것으로 보고 정확한 원인을 파악하고 있습니다., 소방당국은 지하철 역사 안 환풍기 시설 안에서 전선에 불이 붙은 것으로 보고 정확한 원인을 파악하고 있습니다., 소방당국은 지하철 역사 안 환풍기 시설 안에서 전선에 불이 붙은 것으로 보고 정확한 원인을 파악하고 있습니다.,소방당국은 지하철 역사안 환풍기 시설 안에서 전선에 불이 붙은 것으로 보고 정확한 원인을 파악하고 있습니다.,소방 당국은 지하철 역사 안 환풍기 시설 안에서 전선에 불이 붙은 것으로 보고 정확한 원인을 파악하고 있습니다.
이 바지는 헐렁해서 벨트를 꼭 매야 편해.,이 바지는 홀랑 에서 벨트를 꼭 내야 편해,이 바지는 헐렁해서 벨트를 꼭 메야 편해.,이 바지는 헐렁해서 벨트를 꼭 매야 편해.,이 바지는 헐랑에서 벨트를 공 매야 편해,이 바지는 랑에서 벨트를 꼭 매야 편해.,이 바지는 헐렁해서 벨트를 꼭 매야 편.,이 바지는 헐렁해서 벨트를 꼭 메야 편., 이 바지는 헐렁에서 벨트를 꼭 매야 편해.,이 바지는 헐렁해서 벨트를 꼭 매야 편해., 이 바지는 홀랑에서 벨트를 꼭 매야 편해., 이 바지는 헐렁해서 벨트를 꼭 메야 편해, 이 바지는 헐렁해서 벨트를 꼭 매야 편해.,이 바지는 헐렁해서 벨트를 꼭 매야 편해.,이 바지는 헐렁해서 벨트를 꼭 매야 편해.
나 오늘 첫 끼라서 많이 못 먹을 거 같아.,나 오늘 초기라서 많이 못 먹을 거 같아,나 오늘 첫기라서 많이 못 먹을 것 같아?,나 오늘 첫끼라서 많이 못먹을 것 같아,다 원늘 척기나서 많이 문먹을 고 같다,나 오늘 기라서 많이 못 먹을 것 같아.,나 오늘 적기라 많이 못 먹을 거 같아.,나 오늘 첫 끼라 많이 못 먹을 거 같아., 나 오늘 적기라서 많이 못 먹을 거 같아.,나 오늘 적기라서 많이 못 먹을 거 같아., 나 오늘 적기라서 많이 못 먹을 것 같아, 나 오늘 첫끼라서 많이 못먹을 것 같아, 나 오늘 첫 끼라서 많이 못 먹을 거 같아.,나 오늘 척끼라서 많이 못 먹을 거 같아.,나 오늘 적기라서 많이 못 먹을 것 같아.
방금 엄청 맛있는 계란 토스트를 만들었어.,방금 엄청 맛있는 계란 토스트를 만들었어,방금 엄청 맛있는 계란 토스트를 만들었어?,방금 엄청 맛있는 계란 토스트를 만들었어.,방근 엄청마시는 개란 토스들을 만들었소,방금 엄청 맛있는 계란 토스트를 만들었어.,방금 엄청 맛있는 계란 토스트를 만들었어.,방금 엄청 맛있는 계란 토스트를 만들었어., 방금 엄청 맛있는 계란 토스트를 만들었어.,방금 엄청 맛있는 계란 토스트를 만들었어., 방금 엄청 맛있는 계란 토스트를 만들었어, 방금 엄청 맛있는 계란 토스트를 만들었어, 방금 엄청 맛있는 계란 토스트를 만들었어.,방금 엄청 맛있는 계란 토스트를 만들었어.,방금 엄청 맛있는 계란 토스트를 만들었어.
넌 취업 준비 잘 돼가나? 자기소개서 써야지 이제.,넌 취업 준비 잘 되잖아 자기 소개서 써야지 이제,넌 취업 준비 잘 돼가나 자기소개서 써야지 이제.,넌 취업준비 잘되가나? 자기소개서 써야지 이제,너 취업쯤비 잘대가나 자기 속에 서어야지자에,"넌 취업 준비 잘 되거든, 자기 속에서 써야지 이제",넌 취업 준비 잘 돼 가나 자기소개서 써야지 이제.,넌 취업 준비 잘 돼 가나 자기소개서 써야지 이제., 넌 취업 준비 잘 되가? 자기 속에서 써야지 이제.,"넌 취업 준비 잘 되어 가나? 자기 속에서 써야지, 이제.", 넌 취업 준비 잘 되잖아 자기 속에서 써야지 이제, 넌 취업준비 잘 돼가나? 자기소개서 써야지 이제, 넌 취업 준비 잘 돼가나? 자기소개서 써야지 이제.,"넌 취업 준비 잘 되가나, 자기 소개서 써야지 이잘.",넌 취업 준비 잘 되가나 자기소개서 써야지 잘.
옆방에서 기타 연습을 하고 있어요.,옆방에서 기타 연습을 하고 있어요,옆방에서 기타 연습을 하고 있어요.,옆방에서 기타 연습을 하고 있어요.,욥방에서 기타연 습을 하고 있도여,방에서 기타 연습을 하고 있어요!,옆방에서 기타 연습을 하고 있어요.,옆방에서 기타 연습을 하고 있어요., 옆방에서 기타 연습을 하고 있어요.,옆방에서 기타 연습을 하고 있어요., 옆방에서 기타 연습을 하고 있어요, 옆방에서 기타 연습을 하고 있어요., 옆방에서 기타 연습을 하고 있어요.,옆방에서 기타 연습을 하고 있어요.,옆방에서 기타 연습을 하고 있어여
머리둘레가 이상한 지 6번이나 다시 쟀어.,머리 둘레가 이상한 지 여섯 번이나 다시 재어,머리둘레가 이상한지 여섯 번이나 다시 쟀어?,머리둘레가 이상한지 여섯 번이나 다시 쟀어.,머리둘레가 이상안지 여섯번이나 다시재소,머리 돌레가 이상한지 여섯 번이나 다시 어.,머리 둘레가 이상한지 여섯 번이나 다시 쟀는데.,머리 둘레가 이상한지 여섯 번이나 다시 재 써., 머리 둘레가 이상한 지 여섯 번이나 다시 됐어.,머리 둘레가 이상한지 여섯 번이나 다시 <0xEC><0x9F><0x80>어., 머리 돌려가 이상한지 6번이나 다시 잤어, 머리둘레가 이상한지 6번이나 다시 재써, 머리둘레가 이상한지 6번이나 다시 쟀어.,머리둘레가 이상한지 여섯 번이나 다시 쟀어.,머리 둘레가 이상한지 여섯번이나 다시 쟀어.
어젯밤에 모기한테 완전 테러 당했어.,어젯밤에 무기한 테 완전 테러 당했어.,어젯밤에 모기한테 완전 테러 당했어?,어젯밤에 모기한테 완전 테러당했어,확제밤에 모기 안태 완전 태로당했소,어밤에 모기한테 완전 테러당했어.,어젯밤에 모기한테 완전 테러 당했어.,어젯밤에 모기한테 완전 테러 당했어., 어젯밤에 모기한테 완전 테러 당했어.,어젯밤에 모기한테 완전 테러 당했어., 어차피 목이한테 완전 태로 당했어., 어젯밤에 모기한테 완전 테러 당했어., 어젯밤에 모기한테 완전 테러 당했어.,어젯밤에 모기한테 완전 테러당했어.,어젯밤에 모기한테 완전 테러당했어.
그렇지만 불법 주차하는 사람이 많아.,그렇지만 불법 추천하는 사람이 많아,그렇지만 불법 주차하는 사람이 많아.,그렇지만 불법 주차하는 사람이 많아.,그렇지만 불법 자을 사람이 많아,그렇지만 불법 주차하는 사람이 많아.,그렇지만 불법 추천하는 사람이 많아.,그렇지만 불법 추천하는 사람이 많아., 그렇지만 불법 주차하는 사람이 많아.,그렇지만 불법 주차하는 사람이 많아., 그렇지만 불법 주찬을 사람이 많아, 그렇지만 불법 주차하는 사람이 많아., 그렇지만 불법 주차하는 사람이 많아.,그렇지만 불법 주차하는 사람이 많아.,그렇지만 불법 주차하는 사람이 많아.
수상자가 발표되기 전까지 떨고 있을 거예요.,수상자가 발표 되기 전까지 떨고 있을 거예요.,수상자가 발표되기 전까지 떨고 있을 거예요.,수상자가 발표되기 전까지 떨고 있을 거에요,수상다가 발표대이 정가지 떨고있을거해요,수상자가 발표되기 전까지 떨고 있을 거예요.,수상자가 발표되기 전까지 떨고 있을 거예요.,수상자가 발표되기 전까지 떨고 있을 거예요., 수성다가 발표되기 전까지 떨고 있을 거예요.,수상자가 발표되기 전까지 떨고 있을 거예요., 수성다가 발표되기 전까지 떨고 있을 거예요, 수상자가 발표되기 전까지 떨고 있을 거예요., 수상자가 발표되기 전까지 떨고 있을 거예요.,수성자가 발표되기 전까지 떨고 있을 거예요.,수정자가 발표되기 전까지 떨고 있을 거에요.
술을 너무 많이 마셔서 그냥 두고 왔어.,술을 너무 많이 마셔서 그냥 두고 왔어.,술을 너무 많이 마셔서 그냥 두고 왔어?,술을 너무 많이 마셔서 그냥 두고 왔어.,술를 농무 많이마셔서 그냥 두고았쓰도,술을 너무 많이 마셔서 그냥 두고 왔어,술을 너무 많이 마셔서 그냥 두고 왔어.,술을 너무 많이 마셔서 그냥 두고 왔어., 술을 너무 많이 마셔서 그냥 두고 왔어.,술을 너무 많이 마셔서 그냥 두고 왔어., 술을 너무 많이 마셔서 그냥 두고 왔어, 술을 너무 많이 마셔서 그냥 두고 왔어, 술을 너무 많이 마셔서 그냥 두고 왔어.,술을 너무 많이 마셔서 그냥 두고 왔어.,술을 너무 많이 마셔서 그냥 두고 왔어.
뭐 보고 있어? 이게 그렇게 재밌어?,뭐 보고 있어? 이게 그렇게 재밌어?,뭐 보고 있어 이게 그렇게 재밌어?,뭐 보고 있어? 이게 그렇게 재밌어?,모보고 있라 이게 그렇게 재밀다,뭐 보고 있어? 이게 그렇게 재미있어?,뭐 보고 있어 이게 그렇게 재밌어.,뭐 보고 있어?, 뭐 보고 있어? 이게 그렇게 재밌어?,뭐 보고 있어? 이게 그렇게 재밌어?, 뭐 보고 있어? 이게 그렇게 재밌어, 뭐 보고 있어? 이게 그렇게 재밌어?, 뭐 보고 있어? 이게 그렇게 재밌어?,뭐 보고 있어 이게 그렇게 재밌어.,뭐 보고 있어? 이게 그렇게 재밌어?
야 종이는 일반 쓰레기가 아니고 재활용 쓰레기지 빨리 주워 담아.,"야, 종이는 일반 쓰레기가 아니고 재활용 쓰레기지 빨리 주어 다아",야 종이는 일반 쓰레기가 아니고 재활용 쓰레기지 빨리 주워담아.,야 종이는 일반 쓰레기가 아니고 재활용 쓰레기지 빨리 주워 담아,야 종인의 일반 스리기가 아에고 재하형 스에기지 빨추어다마,-(인터뷰) 종이는 일반 쓰레기가 아니고 재활용 쓰레기지 빨수다마,야 종이는 일반 쓰레기가 아니고 재활용 쓰레기지 빨리 주워 담아.,야 종이는 일반 쓰레기가 아니고 재활용 쓰레기지 빨리 지워 담아.," 야, 종이는 일반 쓰레기가 아니고 재활용 쓰레기지. 빨리 주어 담아.","야, 종이는 일반 쓰레기가 아니고 재활용 쓰레기지. 빨리 주워 담아.", 야 종이는 일반 쓰레기가 아니고 재활용 쓰레기지 빨리 주오다 마, 야 종이는 일반 쓰레기가 아니고 재활용 쓰레기지 빨리 주워 담아, 야 종이는 일반 쓰레기가 아니고 재활용 쓰레기지 빨리 주워 담아,"야, 종이는 일반 쓰레기가 아니고 재활용 쓰레기지 빨리 주워담아.",야 종이는 일반 쓰레기가 아니고 재활용 쓰레기지. 빨리 주워담아.
초고속 충전은 정말 빠른 것 같아요.,초고속 충전은 정말 빠른 것 같아요,초고속 충전은 정말 빠른 것 같아요.,초고속 충전은 정말 빠른 것 같아요,초고속 충전은 정말 빠른것 같하요,초고속 충전은 정말 빠른 것 같아요.,초고속 충전은 정말 빠른 것 같아요.,초고속 충전은 정말 빠른 것 같아요., 초고속 충전은 정말 빠른 것 같아요.,초고속 충전은 정말 빠른 것 같아요., 초고속 충전은 정말 빠른 것 같아요, 초고속 충전은 정말 빠른 것 같아요, 초고속 충전은 정말 빠른 것 같아요.,초고속 충전은 정말 빠른 것 같아요.,초고속 충전은 정말 빠른 것 같아요.
안경에 김 서린 거 봐. 아무것도 안 보이네.,안경이 김 설인 가 봐 아무것도 안 보이네.,안경이 김서린 거 봐 아무것도 안 보이네?,안경이 김설인 거 봐 아무것도 안 보이네,악경의 김설린거아 암것다 안보인해,"안경에 김설인 거바, 아무것도 안 보이네?",안경에 김서린 거 봐 아무것도 안 보이네.,안경에 김서린 거 봐.," 안경에 김설인 거 봐, 아무것도 안 보이네.",안경이 김설인 거 봐. 아무것도 안 보이네., 안경의 김설인 것 봐 아무것도 안 보이네, 안경이 김설인거봐 아무것도 안보이네, 안경이 김설인 거 봐. 아무것도 안 보이네.,안경에 김설인가 봐 아무것도 안 보이네.,안경이 김설인가 봐 아무것도 안 보이네.
이쪽에 장미가 있어요.,이쪽에 장미가 있어요,이쪽에 장미가 있어요.,이쪽에 장미가 있어요,2쪽의 장미가 2소유,이쪽에 장미가 있어요,이쪽에 장미가 있어요.,이쪽에 장미가 있어요., 이쪽에 장미가 있어요.,이쪽에 장미가 있어요., 이쪽에 장미가 있어요, 이쪽에 장미가 있어요., 이쪽에 장미가 있어요.,이쪽에 장미가 있어요.,이쪽에 장미가 있어요.
그래서 이 책만으로 나에게 충분하지 않아.,그래서 이 책 만으로는 나에게 충분하지 않아,그래서 이 책만으로는 나에게 충분하지 않아?,그래서 이 책만으로는 나에게 충분하지 않아.,레소 이 책만으로는 나에게 충분하지 않아,그래서 이 책만으로는 나에게 충분하지 않아.,내서이 책만으로는 나에게 충분하지 않아.,이 책만으로는 나에게 충분하지 않아., 그래서 이 책만으로는 나에게 충분하지 않아.,그래서 이 책만으로는 나에게 충분하지 않아., 그래서 이 책만으로는 나에게 충분하지 않아., 그래서 이 책만으로는 나에게 충분하지 않아., 그래서 이 책만으로는 나에게 충분하지 않아.,그래서 이 책만으로는 나에게 충분하지 않아.,그래서 이 책만으로는 나에게 충분하지 않아.
떡볶이 사다줄까? 순대 사다줄까? 뭐 먹고 싶어?,떡볶이 사다 줄까? 순대 사다 줄까? 뭐 먹고 싶어?,떡볶이 사다 줄까 순대 사다 줄까 뭐 먹고 싶어?,떡볶이 사다 줄까 순대 사다 줄까 뭐 먹고 싶어,덕폭히 사다주가 순대 사다주가 머먹구 싶퍼, 기 사다가 순대 사다가 뭐 먹고 싶어?,떡볶이 사다 줄까 순대 사다 줄까 뭐 먹고 싶어.,떡볶이 사다 줄까 순대 사다 줄까 뭐 먹고 싶어., 떡볶이 사다 줄까? 순대 사다 줄까? 뭐 먹고 싶어?,떡볶이 사다 줄까? 순대 사다 줄까? 뭐 먹고 싶어?," 떡볶이 사다 줄까, 순대 사다 줄까 뭐 먹고 싶어", 떡볶이 사다 줄까? 순대 사다 줄까? 뭐 먹고 싶어?, 떡볶이 사다 줄까 순대 사다 줄까 뭐 먹고 싶어?,"떡볶이 사다줄까, 순대 사다줄까 뭐 먹고 싶어.",떡볶이 사다 줄까? 순대 사다 줄까? 뭐 먹고 싶어?
얘 편지 쓴 거 봐 한글도 잘 써. 완전 한국 사람이야.,얘 편지 쓴 거 봐 한글도 잘 써 완전 한국 사람이야,예 편지 쓴 거 봐 한글도 잘 써 완전 한국 사람이야.,얘 편지 쓴 거 봐. 한글도 잘 써. 완전 한국 사람이야.,예 편짓쓴거아 항을도 잘써 완전 항코사라면,"예 편지 쓴 거바, 한글도 잘 쓰, 완전 한국 사람이야!",얘 편지 쓴 거 봐 한글도 잘 써 완전 한국 사람이야.,얘 편지 쓴 거 봐 한글도 잘 써 완전 한국 사람이야.," 얘 편지 쓴 거 봐, 한글도 잘 써, 완전 한국 사람이야.","예, 편지 쓴 거 봐. 한글도 잘 써. 완전 한국 사람이야."," 예편 치슨거봐, 한국에도 잘 써. 완전 한국 사람이야.", 얘 편지 쓴 거 봐. 한글도 잘 써. 완전 한국 사람이야., 얘 편지 쓴 거 봐. 한글도 잘 써. 완전 한국 사람이야.,"얘 편지 쓴 거 봐, 한글도 잘 써 완전 한국 사람이야.",얘 편지 쓴 거 봐. 한글도 잘 써. 완전 한국 사람이야.
